Stratospheric Temperature (Celsius),Chlorine Monoxide Concentration (Parts Per Billion),Bromine Monoxide Concentration (Parts Per Trillion),CFC-11 Concentration (Parts Per Trillion),CFC-12 Concentration (Parts Per Trillion),Nitrous Oxide Concentration (Parts Per Billion),UV Index,Polar Stratospheric Cloud Index,Wind Speed (Kilometers Per Hour),Latitude (Degrees),Methane Concentration (Parts Per Billion),Season,Hemisphere,Region Type,Monitoring Station Type,Ozone Depletion Level
-48.03,0.2,12.19,198.61,473.75,314.35,4.18,0.102,38.47,15.45,1876.41,Summer,Northern Hemisphere,Rural,Satellite Station,Low Depletion
-58.48,0.767,28.27,269.13,567.53,330.87,8.2,0.829,64.91,90.0,1826.41,Winter,Southern Hemisphere,Polar,Satellite Station,Severe Depletion
-50.12,0.626,20.51,229.15,495.08,323.91,7.48,0.277,48.3,41.77,1897.65,Autumn,Northern Hemisphere,Industrial,Ground Based Station,Moderate Depletion
-49.35,0.612,15.44,198.72,467.96,311.6,6.92,0.07,12.42,28.63,1874.22,Spring,Northern Hemisphere,Urban,Ground Based Station,Low Depletion
-66.34,1.169,29.14,268.16,554.17,323.54,8.54,0.659,34.92,69.68,1783.8,Spring,Southern Hemisphere,Industrial,Satellite Station,Severe Depletion
-55.84,1.175,27.06,246.38,534.27,325.81,7.76,0.614,63.45,66.4,1765.33,Summer,Southern Hemisphere,Polar,Satellite Station,Severe Depletion
-60.69,0.405,21.05,233.62,479.37,325.51,5.85,0.505,26.02,52.42,1814.18,Autumn,Northern Hemisphere,Polar,Ground Based Station,Moderate Depletion
-57.65,0.979,28.01,262.5,536.64,332.62,7.33,0.919,57.07,71.51,1868.37,Winter,Southern Hemisphere,Industrial,Satellite Station,Severe Depletion
-56.27,0.41,16.37,181.01,484.63,322.75,2.61,0.088,27.59,34.44,1899.34,Summer,Southern Hemisphere,Urban,Ground Based Station,Low Depletion
-52.57,0.482,18.47,233.95,531.25,330.79,4.99,0.273,55.63,76.32,1843.58,Summer,Southern Hemisphere,Rural,Ground Based Station,Moderate Depletion
-72.69,1.031,28.81,267.35,549.92,322.93,9.23,0.536,49.88,67.58,1748.53,Summer,Southern Hemisphere,Industrial,Ground Based Station,Severe Depletion
-58.33,0.809,16.85,218.25,527.41,312.66,6.48,0.179,40.08,32.85,1857.8,Spring,Southern Hemisphere,Rural,Satellite Station,Moderate Depletion
-54.77,0.683,21.52,238.14,502.35,318.29,7.24,0.294,55.34,75.45,1843.62,Autumn,Southern Hemisphere,Industrial,Ground Based Station,Moderate Depletion
-59.32,0.327,13.66,210.12,452.88,325.19,3.93,0.112,33.37,12.5,1864.53,Summer,Northern Hemisphere,Industrial,Satellite Station,Low Depletion
-49.16,0.261,14.46,223.67,491.12,333.47,4.44,0.202,35.95,64.88,1841.14,Spring,Southern Hemisphere,Rural,Satellite Station,Low Depletion
-53.73,0.31,14.75,218.02,470.03,319.7,3.75,0.0,29.93,51.1,1836.68,Spring,Southern Hemisphere,Urban,Satellite Station,Low Depletion
-57.91,1.228,27.95,274.0,548.9,330.3,10.34,0.711,51.98,77.8,1747.75,Winter,Northern Hemisphere,Polar,Ground Based Station,Severe Depletion
-54.43,0.208,15.94,209.34,450.43,306.75,5.6,NaN,32.27,0.7,1849.86,Summer,Northern Hemisphere,Urban,Satellite Station,Low Depletion
-44.91,0.161,19.35,238.34,513.4,306.95,4.75,0.014,24.26,38.68,1919.43,Summer,Northern Hemisphere,Polar,Ground Based Station,Low Depletion
-50.61,0.473,16.74,215.87,481.36,318.69,3.11,0.167,25.0,23.34,1867.05,Summer,Northern Hemisphere,Rural,Weather Balloon Station,Low Depletion
-52.6,0.727,21.5,230.18,475.06,326.67,5.73,0.288,44.07,71.31,1826.66,Spring,Northern Hemisphere,Urban,Satellite Station,Moderate Depletion
-55.33,0.511,16.15,228.03,516.54,329.19,5.1,0.435,35.18,55.08,1818.18,Winter,Northern Hemisphere,Industrial,Satellite Station,Moderate Depletion
-60.61,0.599,13.89,228.53,462.96,317.7,5.69,0.096,32.32,17.91,1858.63,Autumn,Northern Hemisphere,Industrial,Satellite Station,Low Depletion
-52.04,0.323,16.08,223.78,462.97,328.14,6.52,0.341,33.73,42.72,1829.81,Autumn,Northern Hemisphere,Urban,Satellite Station,Low Depletion
-54.17,0.72,23.55,214.73,468.01,329.23,7.01,0.421,54.01,78.67,1841.11,Spring,Southern Hemisphere,Industrial,Ground Based Station,Moderate Depletion
-54.21,0.571,22.12,228.05,499.76,320.83,6.79,0.434,28.23,50.83,1848.06,Winter,Northern Hemisphere,Polar,Ground Based Station,Moderate Depletion
-57.12,0.842,12.64,237.11,537.48,334.35,6.25,0.276,34.29,45.15,1815.85,Summer,Southern Hemisphere,Industrial,Satellite Station,Moderate Depletion
-46.32,0.595,16.07,220.8,522.53,338.81,9.42,0.402,47.33,-10.37,1837.49,Winter,Southern Hemisphere,Industrial,Satellite Station,Moderate Depletion
-55.61,0.301,15.54,232.65,459.86,327.29,4.54,0.0,39.88,31.41,1953.08,Summer,Southern Hemisphere,Rural,Satellite Station,Low Depletion
-57.77,1.301,30.21,259.14,550.39,328.66,6.56,0.791,39.25,45.44,1849.24,Spring,Southern Hemisphere,Polar,Satellite Station,Severe Depletion
-53.79,0.423,13.27,224.43,504.53,333.03,6.33,0.388,43.71,59.46,1804.27,Spring,Northern Hemisphere,Rural,Weather Balloon Station,Moderate Depletion
-60.22,1.029,30.89,264.29,580.85,323.41,8.46,0.747,61.26,76.91,1783.57,Winter,Southern Hemisphere,Polar,Weather Balloon Station,Severe Depletion
-49.85,0.377,16.71,227.86,472.05,318.12,5.49,0.266,26.07,33.43,1846.34,Spring,Southern Hemisphere,Rural,Weather Balloon Station,Low Depletion
-62.24,1.169,28.66,269.37,556.58,330.34,9.42,0.814,49.93,90.0,1755.78,Spring,Southern Hemisphere,Rural,Ground Based Station,Severe Depletion
-55.97,0.324,17.53,214.28,525.52,334.35,5.62,0.197,36.59,35.68,1872.04,Winter,Northern Hemisphere,Rural,Weather Balloon Station,Low Depletion
-67.34,0.984,28.63,271.82,562.79,331.44,10.37,0.709,59.26,54.75,1838.57,Spring,Southern Hemisphere,Polar,Satellite Station,Severe Depletion
-50.42,0.356,15.4,220.01,484.99,320.1,4.36,0.29,11.4,58.17,1879.53,Summer,Southern Hemisphere,Rural,Ground Based Station,Low Depletion
-50.21,0.506,16.87,227.84,506.2,334.34,7.55,0.388,49.11,31.1,1835.93,Spring,Northern Hemisphere,Polar,Satellite Station,Moderate Depletion
-52.1,0.305,13.82,208.08,473.16,324.61,3.83,0.16,16.15,36.91,1863.53,Summer,Southern Hemisphere,Urban,Weather Balloon Station,Low Depletion
-52.86,0.319,14.52,211.28,466.93,319.45,4.49,0.114,35.92,10.55,1851.22,Winter,Northern Hemisphere,Rural,Satellite Station,Low Depletion
-54.5,0.301,16.35,212.6,458.53,326.21,1.96,0.261,45.32,33.46,1867.29,Spring,Southern Hemisphere,Rural,Satellite Station,Low Depletion
-57.07,0.516,16.19,246.4,483.2,316.29,6.96,0.241,35.24,87.92,1871.69,Spring,Northern Hemisphere,Industrial,Satellite Station,Moderate Depletion
-49.09,0.443,14.72,213.64,452.16,322.02,3.05,0.14,18.43,-14.16,1872.53,Autumn,Southern Hemisphere,Urban,Ground Based Station,Low Depletion
-49.96,0.339,12.92,208.58,476.08,311.35,4.86,0.084,25.42,23.39,1851.03,Autumn,Southern Hemisphere,Urban,Ground Based Station,Low Depletion
-48.6,0.282,14.25,211.33,509.56,331.02,4.61,0.283,13.16,14.2,1937.49,Autumn,Northern Hemisphere,Urban,Ground Based Station,Low Depletion
-50.31,0.731,19.61,240.38,510.39,332.15,6.27,0.271,36.85,16.36,1817.96,Autumn,Northern Hemisphere,Industrial,Satellite Station,Moderate Depletion
-50.36,0.387,14.58,221.93,473.14,321.5,3.89,0.324,35.42,46.76,1895.54,Autumn,Northern Hemisphere,Rural,Ground Based Station,Low Depletion
-53.95,0.206,18.57,217.11,467.6,314.37,5.27,0.181,19.33,54.0,1873.91,Summer,Northern Hemisphere,Industrial,Satellite Station,Low Depletion
-43.42,0.313,17.16,193.35,456.02,331.22,2.71,0.017,25.87,45.42,1859.68,Autumn,Northern Hemisphere,Rural,Satellite Station,Low Depletion
-55.01,0.362,14.15,180.95,473.48,337.19,6.59,0.223,18.28,29.75,1911.12,Summer,Northern Hemisphere,Rural,Ground Based Station,Low Depletion
-59.68,0.759,17.44,210.57,522.28,342.68,5.2,0.149,41.25,52.82,1791.35,Spring,Southern Hemisphere,Industrial,Weather Balloon Station,Moderate Depletion
-47.44,0.433,21.64,205.37,466.57,324.79,3.79,0.163,31.35,11.43,1857.06,Summer,Northern Hemisphere,Rural,Weather Balloon Station,Low Depletion
-62.84,1.039,27.47,274.19,521.15,337.31,8.0,0.682,55.96,70.67,1749.68,Spring,Northern Hemisphere,Polar,Satellite Station,Severe Depletion
-60.92,0.334,20.37,242.1,473.86,314.11,4.87,0.244,34.05,42.78,1817.77,Spring,Southern Hemisphere,Rural,Satellite Station,Moderate Depletion
-53.85,0.123,11.99,216.91,465.84,333.91,6.81,0.169,36.35,14.69,1876.76,Spring,Northern Hemisphere,Urban,Ground Based Station,Low Depletion
-55.75,0.528,18.65,223.07,525.13,332.62,6.83,0.358,39.44,38.74,1816.47,Winter,Southern Hemisphere,Urban,Satellite Station,Moderate Depletion
-55.89,0.199,19.47,203.43,494.66,315.29,NaN,0.167,25.25,64.97,1842.87,Spring,Southern Hemisphere,Rural,Satellite Station,Low Depletion
-50.28,0.069,16.79,222.03,474.69,313.25,4.69,0.161,8.85,51.45,1864.65,Summer,Northern Hemisphere,Polar,Weather Balloon Station,Low Depletion
-51.3,0.578,16.42,234.63,500.93,322.21,4.17,0.25,48.73,43.89,1862.31,Winter,Southern Hemisphere,Polar,Satellite Station,Moderate Depletion
-61.73,0.819,24.53,262.41,551.24,322.26,8.35,0.662,31.02,90.0,1720.76,Winter,Southern Hemisphere,Rural,Weather Balloon Station,Severe Depletion
-61.23,0.692,NaN,230.64,510.83,318.33,7.26,0.292,34.64,36.86,1822.88,Autumn,Southern Hemisphere,Urban,Satellite Station,Moderate Depletion
-55.14,0.508,18.27,223.36,471.77,327.11,6.76,0.322,45.07,90.0,1910.81,Summer,Southern Hemisphere,Industrial,Satellite Station,Moderate Depletion
-52.28,0.419,10.35,229.64,501.68,320.67,4.25,0.331,30.97,55.74,1880.71,Autumn,Southern Hemisphere,Rural,Ground Based Station,Low Depletion
-51.89,0.415,22.24,205.7,527.84,320.64,4.73,0.208,25.55,19.58,1907.2,Spring,Northern Hemisphere,Rural,Ground Based Station,Low Depletion
-49.03,0.355,18.32,207.71,496.85,325.64,4.5,0.162,22.77,28.3,1866.87,Winter,NaN,Industrial,Weather Balloon Station,Low Depletion
-55.54,0.482,19.16,250.54,502.53,326.78,4.82,0.234,19.42,40.06,1798.49,Summer,Southern Hemisphere,Urban,Satellite Station,Moderate Depletion
-54.28,0.406,19.42,241.62,492.99,317.7,6.41,0.276,28.28,48.26,1823.24,Autumn,Southern Hemisphere,Urban,Weather Balloon Station,Moderate Depletion
-52.75,0.294,15.78,198.29,467.85,326.32,2.55,0.0,35.02,74.27,1920.88,NaN,Southern Hemisphere,Industrial,Satellite Station,Low Depletion
-57.49,0.503,17.36,228.7,457.5,327.46,4.96,0.5,56.69,37.22,1810.42,Autumn,Northern Hemisphere,Rural,Ground Based Station,Moderate Depletion
-53.05,0.851,19.77,222.08,514.21,333.84,6.59,0.464,21.85,44.49,1909.15,Winter,Southern Hemisphere,Industrial,Ground Based Station,Moderate Depletion
-56.44,0.664,23.17,233.05,542.19,320.99,8.47,0.134,36.72,43.29,1811.21,Autumn,Southern Hemisphere,Urban,Weather Balloon Station,Moderate Depletion
-53.27,0.355,17.16,202.04,493.98,316.51,4.53,0.111,40.33,53.79,1906.34,Winter,Southern Hemisphere,Rural,Satellite Station,Low Depletion
-52.69,0.327,14.77,194.09,455.16,321.45,5.05,0.111,14.94,19.51,1844.41,Spring,Northern Hemisphere,Polar,Satellite Station,Low Depletion
-49.67,0.798,7.52,227.89,466.77,322.55,2.9,0.17,49.82,37.91,1758.65,Autumn,Northern Hemisphere,Polar,Ground Based Station,Low Depletion
-60.69,1.113,27.61,246.55,567.19,331.11,6.85,0.638,37.02,90.0,1750.39,Spring,Northern Hemisphere,Rural,Satellite Station,Severe Depletion
NaN,0.739,21.08,247.65,515.78,323.02,3.8,0.264,45.25,42.95,1861.34,Spring,Northern Hemisphere,Industrial,Ground Based Station,Moderate Depletion
-51.56,0.596,20.57,237.72,512.14,317.11,6.85,0.236,35.18,56.31,1757.81,Winter,Northern Hemisphere,Urban,Ground Based Station,Moderate Depletion
-47.74,0.202,9.22,200.79,474.41,321.41,4.15,0.173,32.67,57.17,1943.21,Spring,Southern Hemisphere,Industrial,Ground Based Station,Low Depletion
-55.54,0.535,15.39,217.68,511.78,320.44,4.19,0.174,33.69,70.3,1925.15,Winter,Northern Hemisphere,Polar,Ground Based Station,Low Depletion
-51.04,0.328,18.66,215.96,490.1,313.71,2.54,0.123,49.92,7.36,1873.29,Summer,Northern Hemisphere,Rural,Ground Based Station,Low Depletion
-58.31,1.171,23.49,272.94,550.93,330.75,6.88,0.859,50.99,90.0,1779.73,Spring,Southern Hemisphere,Polar,Satellite Station,Severe Depletion
-50.84,0.54,13.23,228.09,436.44,340.56,4.91,0.061,26.56,40.37,1925.8,Winter,Northern Hemisphere,Polar,Satellite Station,Low Depletion
-57.69,0.477,16.43,237.48,487.57,335.0,NaN,0.347,31.1,58.67,1815.2,Spring,Southern Hemisphere,Rural,Satellite Station,Moderate Depletion
-51.18,0.97,24.49,259.44,544.41,324.03,9.07,0.707,54.21,80.02,1846.8,Winter,Southern Hemisphere,Polar,Weather Balloon Station,Severe Depletion
-48.33,0.117,14.61,213.41,464.66,324.4,3.75,0.194,31.07,27.0,1897.46,Summer,Southern Hemisphere,Industrial,Ground Based Station,Low Depletion
-59.84,0.704,15.72,255.39,519.51,334.35,4.65,0.306,40.25,60.32,1813.13,Summer,Northern Hemisphere,Polar,Satellite Station,Moderate Depletion
-62.72,1.091,20.77,251.86,555.58,334.94,8.23,0.816,61.37,82.8,1781.1,Spring,Southern Hemisphere,Polar,Satellite Station,Severe Depletion
-45.83,0.162,16.53,225.28,488.62,316.84,3.53,0.051,20.74,20.88,1925.5,Spring,Northern Hemisphere,Urban,Satellite Station,Low Depletion
-52.59,0.212,11.28,204.46,484.21,330.53,4.27,0.288,24.03,51.31,1812.18,Summer,Northern Hemisphere,Industrial,Ground Based Station,Low Depletion
-59.21,0.696,20.72,251.28,510.92,320.84,6.12,0.382,42.48,47.85,1823.27,Summer,Southern Hemisphere,Polar,Satellite Station,Moderate Depletion
-60.56,0.675,17.62,231.78,508.16,318.49,6.96,0.379,44.71,55.66,1767.3,Summer,Northern Hemisphere,Industrial,Satellite Station,Moderate Depletion
-60.48,0.719,12.92,251.27,520.12,323.82,8.33,0.115,44.53,26.05,1821.43,Spring,Southern Hemisphere,Polar,Satellite Station,Moderate Depletion
-61.7,1.042,27.65,253.31,572.16,335.75,7.95,0.628,58.34,90.0,1766.09,Autumn,Southern Hemisphere,Industrial,Satellite Station,Severe Depletion
-57.28,0.576,20.0,254.72,526.16,328.81,6.29,0.465,31.15,59.92,1876.65,Spring,Southern Hemisphere,Industrial,Weather Balloon Station,Moderate Depletion
-49.94,0.448,18.22,200.25,493.83,321.84,3.33,0.203,35.17,48.13,1865.08,Autumn,Northern Hemisphere,Rural,Weather Balloon Station,Low Depletion
-54.69,0.284,10.03,237.28,485.82,323.07,4.09,0.299,42.07,52.93,1919.18,Autumn,Northern Hemisphere,Industrial,Ground Based Station,Low Depletion
-54.41,0.714,19.13,219.44,472.7,323.49,6.07,0.156,44.09,29.65,1882.44,Summer,Southern Hemisphere,Industrial,Weather Balloon Station,Low Depletion
-58.37,0.936,28.6,266.68,557.94,326.08,7.87,0.584,53.45,82.59,1766.55,Winter,Southern Hemisphere,Industrial,Satellite Station,Severe Depletion
-50.47,0.364,11.5,198.54,477.17,310.26,3.78,0.11,27.13,9.97,1898.66,Summer,Northern Hemisphere,Rural,Weather Balloon Station,Low Depletion
-51.51,0.259,12.66,210.86,454.58,318.14,3.72,0.008,5.0,44.24,1842.83,Spring,Southern Hemisphere,Industrial,Satellite Station,Low Depletion
-52.75,1.058,29.45,255.34,552.43,335.98,7.88,0.754,65.43,45.25,1775.98,Spring,Southern Hemisphere,Industrial,Ground Based Station,Severe Depletion
-59.31,1.103,26.89,265.03,571.88,326.72,8.28,0.759,73.14,54.27,1810.79,Spring,Southern Hemisphere,Polar,Satellite Station,Severe Depletion
-50.67,0.444,24.73,243.66,489.01,329.29,3.94,0.214,32.59,35.92,1889.84,Winter,Northern Hemisphere,Urban,Ground Based Station,Low Depletion
-65.9,1.159,25.97,271.2,598.7,335.18,6.61,0.545,53.33,68.91,1790.45,Spring,Southern Hemisphere,Polar,Weather Balloon Station,Severe Depletion
-48.29,0.391,14.56,222.31,492.89,318.92,2.68,0.18,21.07,31.11,1849.31,Autumn,Northern Hemisphere,Industrial,Ground Based Station,Low Depletion
-56.18,0.12,9.67,204.19,476.45,319.7,2.65,0.211,38.69,15.91,1828.86,Winter,Northern Hemisphere,Rural,Satellite Station,Low Depletion
-60.41,1.234,31.2,270.68,539.57,329.31,8.79,0.803,58.1,79.0,1738.0,Winter,Southern Hemisphere,Industrial,Ground Based Station,Severe Depletion
-48.16,0.728,14.96,243.42,511.98,319.83,7.04,0.152,42.06,20.9,1850.39,Winter,Northern Hemisphere,Urban,Satellite Station,Moderate Depletion
-52.18,0.519,14.44,211.64,472.29,313.0,4.36,0.248,33.33,31.04,1844.78,Autumn,Northern Hemisphere,Rural,Ground Based Station,Low Depletion
-63.71,0.903,28.0,280.27,540.1,336.76,6.81,0.56,59.15,90.0,1745.7,Autumn,Southern Hemisphere,Rural,Satellite Station,Severe Depletion
-47.66,0.43,20.28,212.64,464.82,322.59,3.54,0.086,32.2,31.91,1855.37,Summer,Northern Hemisphere,Rural,Ground Based Station,Low Depletion
-55.2,0.172,15.0,230.74,499.41,325.53,3.78,0.192,26.2,11.28,1879.07,Summer,Northern Hemisphere,Industrial,Ground Based Station,Low Depletion
-58.37,0.723,19.05,237.99,503.62,328.48,6.26,0.254,34.98,68.66,1874.02,Spring,Southern Hemisphere,Polar,Satellite Station,Moderate Depletion
-52.52,0.509,16.08,231.67,518.19,322.97,4.41,0.256,28.27,59.99,1779.53,Winter,Northern Hemisphere,Industrial,Ground Based Station,Moderate Depletion
-53.86,0.755,16.48,238.83,513.82,322.06,7.61,0.386,40.78,56.43,1852.11,Summer,Southern Hemisphere,Industrial,Satellite Station,Moderate Depletion
-57.87,0.732,24.0,244.57,506.49,323.14,4.75,0.221,50.13,63.39,1872.02,Autumn,Northern Hemisphere,Rural,Weather Balloon Station,Moderate Depletion
-52.36,0.433,18.67,207.7,466.89,331.21,5.03,0.094,36.67,66.78,1886.57,Autumn,Southern Hemisphere,Rural,Ground Based Station,Low Depletion
-48.55,0.43,19.83,227.01,499.63,338.39,4.61,0.316,36.73,58.16,1861.55,Winter,Southern Hemisphere,Industrial,Satellite Station,Moderate Depletion
-54.96,0.7,17.92,230.09,496.87,332.61,4.96,0.386,36.7,36.93,1838.86,Autumn,Northern Hemisphere,Industrial,Satellite Station,Moderate Depletion
-48.01,0.257,12.8,209.65,484.02,333.24,5.68,0.0,50.55,53.36,1848.79,Summer,NaN,Industrial,Ground Based Station,Low Depletion
-62.57,1.139,23.57,270.76,542.18,332.21,8.9,0.693,42.73,57.54,1741.99,Autumn,Southern Hemisphere,Urban,Ground Based Station,Severe Depletion
-54.84,0.671,16.97,227.48,526.54,335.49,6.49,0.255,20.95,73.93,1843.14,Spring,Northern Hemisphere,Urban,Weather Balloon Station,Moderate Depletion
-51.26,0.567,13.39,209.5,521.65,326.98,4.8,0.094,33.92,21.32,1926.92,Autumn,Northern Hemisphere,Polar,Satellite Station,Low Depletion
-48.26,0.496,20.83,237.46,519.98,331.72,7.22,0.28,40.17,52.47,1824.76,Spring,Southern Hemisphere,Urban,Ground Based Station,Moderate Depletion
-53.94,0.05,6.5,223.35,520.84,324.17,3.78,0.076,22.65,44.17,1845.1,Winter,Southern Hemisphere,Rural,Ground Based Station,Low Depletion
-54.32,0.501,24.39,231.19,525.42,325.73,7.75,0.283,38.21,27.45,1865.63,Autumn,Northern Hemisphere,Urban,Satellite Station,Moderate Depletion
-55.89,0.517,10.93,229.35,461.45,327.1,4.13,0.106,31.39,10.15,1878.9,Summer,Southern Hemisphere,Polar,Ground Based Station,Low Depletion
-61.52,1.298,24.04,271.24,533.53,328.03,7.16,0.652,54.81,90.0,1684.31,Autumn,Northern Hemisphere,Rural,Satellite Station,Severe Depletion
-48.06,0.139,15.64,214.59,511.36,317.38,7.25,0.128,29.71,41.7,1872.41,Winter,Southern Hemisphere,Urban,Weather Balloon Station,Low Depletion
-54.2,0.656,25.37,237.51,548.01,324.27,7.73,0.317,52.66,28.23,1839.78,Spring,Northern Hemisphere,Rural,Ground Based Station,Moderate Depletion
-44.7,0.389,12.82,205.68,468.86,323.43,5.28,0.173,31.57,32.07,1877.27,Summer,Northern Hemisphere,Polar,Satellite Station,Low Depletion
-51.59,0.528,17.1,240.1,517.34,328.64,6.77,0.232,58.4,86.21,1917.27,Autumn,Southern Hemisphere,Industrial,Weather Balloon Station,Moderate Depletion
-51.47,0.768,12.85,230.02,531.42,323.5,5.63,0.379,23.16,52.4,1879.38,Winter,Northern Hemisphere,Polar,Satellite Station,Moderate Depletion
-57.28,0.307,16.41,224.39,453.94,327.93,5.52,0.012,45.87,39.33,1848.4,Autumn,Northern Hemisphere,Industrial,Ground Based Station,Low Depletion
-59.1,1.233,27.0,259.43,535.43,330.17,7.33,0.673,63.32,89.28,1749.76,Winter,Southern Hemisphere,Industrial,Satellite Station,Severe Depletion
-60.06,1.154,26.1,260.23,556.86,327.48,7.09,0.618,52.81,90.0,1785.59,Winter,Southern Hemisphere,Rural,Weather Balloon Station,Severe Depletion
-59.53,1.205,26.86,258.33,547.16,329.58,9.64,0.551,51.83,90.0,1757.94,Winter,Northern Hemisphere,Polar,Satellite Station,Severe Depletion
-53.12,0.511,15.23,215.34,479.02,324.03,4.44,0.371,31.02,61.02,1884.66,Spring,Northern Hemisphere,Urban,Satellite Station,Low Depletion
-56.24,0.362,13.67,241.16,478.08,326.82,6.15,0.244,17.86,23.77,1818.57,Summer,Southern Hemisphere,Rural,Ground Based Station,Moderate Depletion
-54.55,0.171,11.69,230.55,490.62,326.67,4.84,0.186,13.35,48.74,1866.81,Summer,Southern Hemisphere,Urban,Satellite Station,Low Depletion
-53.78,0.375,14.84,206.96,478.75,319.42,5.7,0.246,38.84,31.48,1830.39,Summer,Southern Hemisphere,Industrial,Satellite Station,Low Depletion
-60.52,1.286,28.35,261.88,546.19,320.96,7.15,0.706,63.72,69.9,1738.33,Winter,Northern Hemisphere,Polar,Satellite Station,Severe Depletion
-54.2,0.495,13.12,198.77,490.66,315.74,4.95,0.105,43.23,61.68,1891.81,Autumn,Northern Hemisphere,Urban,Satellite Station,Low Depletion
-63.39,0.329,14.0,218.35,500.94,327.33,5.52,0.165,30.38,39.77,1850.1,Winter,Southern Hemisphere,Urban,Ground Based Station,Low Depletion
-55.69,0.269,17.46,202.34,536.49,323.75,4.45,0.269,13.99,16.6,1959.2,Summer,Southern Hemisphere,Rural,Ground Based Station,Low Depletion
-54.49,0.65,21.62,232.71,544.22,329.12,7.04,0.297,35.69,63.69,1824.87,Winter,Southern Hemisphere,Rural,Ground Based Station,Moderate Depletion
-65.29,1.286,30.21,257.64,543.94,328.71,7.48,0.845,61.77,69.41,1817.58,Autumn,Southern Hemisphere,Rural,Satellite Station,Severe Depletion
-45.09,0.05,9.39,206.86,525.54,321.09,6.16,0.0,30.47,50.31,1879.98,Spring,Southern Hemisphere,Urban,Ground Based Station,Low Depletion
-54.58,0.255,21.15,234.62,475.72,328.48,5.38,0.409,31.9,17.89,1830.75,Summer,Northern Hemisphere,Urban,Satellite Station,Low Depletion
-66.59,0.465,21.57,225.65,520.03,327.38,6.15,0.232,48.22,54.01,1805.35,Spring,Southern Hemisphere,Urban,Satellite Station,Moderate Depletion
-55.36,0.343,16.25,226.35,478.18,323.83,6.04,0.063,31.15,34.73,1861.32,Spring,Northern Hemisphere,Rural,Satellite Station,Low Depletion
-51.02,0.513,10.08,210.81,499.65,330.47,4.28,0.3,34.76,9.74,1775.3,Winter,Northern Hemisphere,Rural,Ground Based Station,Low Depletion
-48.19,0.236,21.13,230.37,473.37,325.95,7.58,0.179,25.04,32.57,1944.13,Autumn,Northern Hemisphere,Polar,Ground Based Station,Low Depletion
-45.0,0.35,16.35,201.49,481.25,319.04,6.19,0.184,38.87,21.23,1942.09,Summer,Northern Hemisphere,Rural,Weather Balloon Station,Low Depletion
-56.04,0.524,24.11,241.22,544.44,332.52,8.03,0.319,40.38,10.43,1804.87,Winter,Northern Hemisphere,Industrial,Satellite Station,Moderate Depletion
-57.33,0.896,13.99,227.92,525.02,334.0,5.28,0.283,37.86,40.43,1830.85,Summer,Northern Hemisphere,Rural,Weather Balloon Station,Moderate Depletion
-52.79,0.568,15.43,210.35,465.73,322.76,5.84,0.098,24.22,65.12,1939.19,Autumn,Northern Hemisphere,Urban,Ground Based Station,Low Depletion
-53.32,0.818,12.68,244.08,509.6,320.54,6.53,0.145,53.91,73.06,1849.3,Spring,Northern Hemisphere,Industrial,Weather Balloon Station,Moderate Depletion
-52.2,0.331,15.89,207.63,463.87,325.15,4.04,0.144,22.93,12.86,1823.81,Winter,Southern Hemisphere,Industrial,Weather Balloon Station,Low Depletion
-49.81,0.669,22.58,243.62,500.25,321.68,7.37,0.268,32.08,63.55,1849.06,Spring,Northern Hemisphere,Rural,Weather Balloon Station,Moderate Depletion
-55.84,0.817,15.93,242.75,524.79,332.59,8.67,0.279,27.74,61.51,1777.74,Summer,Southern Hemisphere,Rural,Satellite Station,Moderate Depletion
-59.79,1.015,31.4,264.31,564.38,325.09,7.32,0.818,60.46,90.0,1735.64,Autumn,Southern Hemisphere,Polar,Satellite Station,Severe Depletion
-56.11,0.55,22.3,229.21,474.52,323.2,4.43,0.247,58.27,25.0,1867.55,Summer,Northern Hemisphere,Urban,Satellite Station,Moderate Depletion
-50.77,0.435,16.4,193.63,466.28,319.23,4.85,0.073,38.63,26.55,1864.25,Winter,Southern Hemisphere,Industrial,Satellite Station,Low Depletion
-53.29,0.482,15.66,254.4,475.14,336.79,5.64,0.103,35.07,54.53,1873.71,Winter,Northern Hemisphere,Rural,Weather Balloon Station,Moderate Depletion
-47.05,0.232,13.84,220.77,486.4,309.48,6.28,0.071,26.18,28.19,1913.44,Spring,Northern Hemisphere,Industrial,Satellite Station,Low Depletion
-49.0,0.579,19.7,230.34,516.69,317.98,6.97,0.336,27.34,57.18,1797.92,Spring,Northern Hemisphere,Rural,Ground Based Station,Moderate Depletion
-50.22,0.319,14.34,219.65,482.5,319.02,5.55,0.093,29.06,53.99,1879.91,Summer,Northern Hemisphere,Rural,Satellite Station,Low Depletion
-58.07,1.256,24.41,279.82,552.7,330.43,9.31,0.704,65.16,72.73,1771.11,Summer,Northern Hemisphere,Polar,Satellite Station,Severe Depletion
-52.29,0.399,9.55,201.82,443.58,327.47,4.23,0.045,36.97,26.22,1894.64,Summer,Northern Hemisphere,Rural,Satellite Station,Low Depletion
-49.5,0.608,12.62,254.66,520.73,325.72,6.77,0.227,36.23,65.06,1903.83,Winter,Southern Hemisphere,Urban,Satellite Station,Moderate Depletion
-55.22,0.63,23.31,224.35,550.45,324.01,9.24,0.327,35.48,49.34,1802.47,Summer,Southern Hemisphere,Polar,Satellite Station,Moderate Depletion
-48.72,0.432,15.42,223.31,463.56,321.63,6.01,0.167,26.98,60.04,1878.31,Summer,Southern Hemisphere,Rural,Ground Based Station,Low Depletion
-58.79,1.071,25.34,274.56,522.53,326.22,9.9,0.778,35.26,90.0,1751.69,Winter,Northern Hemisphere,Rural,Satellite Station,Severe Depletion
-52.44,0.083,12.37,218.49,501.84,323.44,5.85,0.234,27.53,26.47,1886.24,Summer,Northern Hemisphere,Polar,Weather Balloon Station,Low Depletion
-54.5,0.637,17.19,238.74,501.85,330.1,4.28,0.253,34.09,33.5,1898.84,Autumn,Northern Hemisphere,Industrial,Satellite Station,Moderate Depletion
-53.93,0.509,15.18,205.29,494.31,314.44,6.73,0.117,29.71,-4.54,1839.88,Spring,Southern Hemisphere,Urban,Satellite Station,Low Depletion
-47.81,0.085,14.38,206.73,487.66,327.9,3.86,0.375,29.93,74.71,1845.29,Winter,Southern Hemisphere,Rural,Satellite Station,Low Depletion
-59.06,0.592,24.76,234.93,542.87,324.38,6.27,0.138,22.67,40.26,1827.57,Summer,Southern Hemisphere,Polar,Ground Based Station,Moderate Depletion
-50.48,0.386,13.87,199.0,474.45,328.98,5.71,0.152,30.52,87.65,1908.16,Autumn,Southern Hemisphere,Rural,Satellite Station,Low Depletion
-50.15,0.437,16.25,210.74,501.8,323.58,8.02,0.188,31.49,34.79,1873.33,Summer,Southern Hemisphere,Rural,Satellite Station,Moderate Depletion
-50.76,0.213,13.57,209.06,471.16,321.36,4.25,0.0,28.26,44.11,1851.74,Autumn,Northern Hemisphere,Industrial,Satellite Station,Low Depletion
-42.99,0.302,15.33,209.27,538.36,317.49,3.87,0.046,35.74,22.55,1868.23,Summer,Southern Hemisphere,Urban,Satellite Station,Low Depletion
-51.89,0.441,16.6,207.44,477.42,318.14,6.03,0.008,38.3,35.29,1865.12,Winter,Northern Hemisphere,Industrial,NaN,Low Depletion
-47.68,0.221,12.16,230.14,478.05,310.7,5.81,0.171,23.2,29.29,1802.0,Autumn,Southern Hemisphere,Urban,Ground Based Station,Low Depletion
-54.25,0.507,21.01,241.58,502.49,314.76,9.37,0.254,32.92,39.22,1823.92,Spring,Northern Hemisphere,Industrial,Satellite Station,Moderate Depletion
-51.14,0.514,20.33,230.34,511.0,319.12,6.92,0.288,32.69,40.49,1791.27,Spring,Southern Hemisphere,Industrial,Satellite Station,Moderate Depletion
-51.94,0.573,16.41,183.43,482.47,321.68,5.37,0.147,12.95,57.36,1910.93,Winter,Northern Hemisphere,Urban,Ground Based Station,Low Depletion
-52.04,0.441,14.09,235.31,494.66,328.0,6.5,0.328,39.03,50.52,1830.63,Summer,Southern Hemisphere,Rural,Ground Based Station,Moderate Depletion
-59.48,0.43,15.85,228.39,507.8,321.19,3.84,0.255,36.48,50.62,1807.0,Winter,Northern Hemisphere,Rural,Satellite Station,Moderate Depletion
-59.53,0.989,23.4,284.11,557.72,323.73,8.95,0.741,48.37,29.17,1774.99,Autumn,Northern Hemisphere,Polar,Satellite Station,Severe Depletion
-56.01,0.791,17.75,224.93,510.75,327.22,6.24,0.223,42.99,36.56,1815.05,Autumn,Southern Hemisphere,Urban,Satellite Station,Moderate Depletion
-52.99,0.33,16.72,229.08,478.86,314.93,3.87,0.166,31.14,4.67,1867.51,Spring,Northern Hemisphere,Urban,Ground Based Station,Low Depletion
-51.96,0.661,19.6,222.4,465.59,328.92,3.96,0.128,35.77,14.8,1860.28,Spring,Southern Hemisphere,Industrial,Ground Based Station,Moderate Depletion
-54.73,0.456,14.36,224.01,491.34,326.11,6.09,0.241,11.87,5.03,1858.1,Summer,Northern Hemisphere,Rural,Ground Based Station,Low Depletion
-58.8,1.036,29.68,260.0,536.64,329.86,8.16,0.768,52.11,79.67,1828.02,Spring,Northern Hemisphere,Polar,Satellite Station,Severe Depletion
-48.52,0.356,14.1,233.71,479.2,325.88,6.38,0.0,40.62,21.57,1876.31,Summer,Northern Hemisphere,Rural,Ground Based Station,Low Depletion
-52.88,0.254,11.61,238.08,483.85,325.61,4.77,0.182,45.25,15.38,1899.99,Autumn,Northern Hemisphere,Polar,Ground Based Station,Low Depletion
-51.45,0.252,14.77,208.61,482.99,319.01,4.39,0.115,29.69,27.81,1779.46,Autumn,Northern Hemisphere,Urban,Satellite Station,Low Depletion
-54.21,0.393,18.54,206.31,482.61,321.19,4.06,0.0,13.97,46.11,1914.79,Winter,Northern Hemisphere,Rural,Satellite Station,Low Depletion
-55.58,0.484,13.35,224.73,471.61,321.62,3.23,0.0,37.67,30.9,1895.32,Winter,Northern Hemisphere,Polar,Satellite Station,Low Depletion
-66.25,1.163,28.25,277.07,549.79,334.3,10.35,0.777,37.63,90.0,1760.34,Winter,Southern Hemisphere,Rural,Satellite Station,Severe Depletion
-52.41,0.708,15.15,241.17,542.73,329.7,8.38,0.242,38.32,26.53,1901.96,Autumn,Southern Hemisphere,Polar,Weather Balloon Station,Moderate Depletion
-53.21,0.357,14.55,221.04,463.97,320.33,2.71,0.015,27.88,67.47,1846.03,Summer,Southern Hemisphere,Urban,Ground Based Station,Low Depletion
-59.8,0.99,24.04,278.75,551.63,336.54,8.7,0.55,63.15,82.47,1781.02,Winter,Southern Hemisphere,Urban,Satellite Station,Severe Depletion
-57.68,0.546,18.16,206.54,561.44,328.15,6.86,0.164,17.35,69.21,1844.67,Spring,Northern Hemisphere,Industrial,Satellite Station,Moderate Depletion
-65.28,1.045,23.56,275.96,575.8,335.0,9.8,0.606,51.53,39.36,1843.41,Winter,Northern Hemisphere,Polar,Ground Based Station,Severe Depletion
-52.94,0.693,21.8,236.52,507.9,319.22,6.83,0.29,50.04,60.42,1862.15,Summer,Northern Hemisphere,Rural,Ground Based Station,Moderate Depletion
-51.43,0.187,19.07,213.78,495.67,323.51,3.96,0.188,11.33,46.42,1906.03,Winter,Northern Hemisphere,Polar,Satellite Station,Low Depletion
-56.93,0.506,21.35,221.89,518.38,325.64,6.67,0.361,46.57,53.66,1823.23,Summer,Southern Hemisphere,Rural,Satellite Station,Moderate Depletion
-53.03,0.446,15.71,244.94,520.62,322.73,6.82,0.447,30.59,45.23,1836.71,Winter,Northern Hemisphere,Industrial,Ground Based Station,Moderate Depletion
-56.11,0.462,17.24,217.69,486.1,323.97,4.04,0.267,33.93,39.54,1820.53,Winter,Southern Hemisphere,Industrial,Ground Based Station,Low Depletion
-52.97,0.507,15.92,213.46,438.28,316.02,4.44,0.216,21.91,20.87,1904.99,Spring,Southern Hemisphere,Rural,Ground Based Station,Low Depletion
-45.5,0.05,18.25,220.87,472.43,324.13,4.04,0.325,34.34,32.82,1884.03,Winter,Southern Hemisphere,Industrial,Satellite Station,Low Depletion
-50.87,0.295,17.67,223.35,NaN,321.04,5.15,0.165,15.8,38.59,1826.67,Spring,Southern Hemisphere,Industrial,Ground Based Station,Low Depletion
-54.13,0.576,18.15,225.67,560.79,318.41,6.5,0.107,43.4,87.28,1883.65,Spring,Northern Hemisphere,Rural,Satellite Station,Moderate Depletion
-50.4,0.275,17.09,191.76,495.11,327.7,2.66,0.169,44.34,44.73,1819.59,Summer,Northern Hemisphere,Rural,Weather Balloon Station,Low Depletion
-65.09,1.026,27.1,274.63,555.29,326.48,8.89,0.708,46.21,73.34,1804.8,Winter,Southern Hemisphere,Industrial,Ground Based Station,Severe Depletion
-51.2,0.12,15.79,203.6,470.05,317.45,5.45,0.288,14.76,29.81,1763.0,Summer,Northern Hemisphere,Polar,Ground Based Station,Low Depletion
-58.1,0.354,12.23,225.57,465.77,325.41,5.1,0.207,25.2,15.29,1849.92,Autumn,Northern Hemisphere,Rural,Weather Balloon Station,Low Depletion
-59.28,0.917,27.93,262.31,601.49,328.0,5.97,0.724,48.96,78.51,1793.68,Winter,Northern Hemisphere,Polar,Ground Based Station,Severe Depletion
-52.33,0.331,16.3,212.86,503.91,323.87,3.39,0.107,32.08,38.31,1873.4,Autumn,Northern Hemisphere,Rural,Satellite Station,Low Depletion
-46.51,0.282,9.09,218.54,459.15,308.69,4.95,0.277,40.47,34.93,1924.42,Autumn,Southern Hemisphere,Industrial,Weather Balloon Station,Low Depletion
-53.13,0.353,13.9,220.77,458.99,331.17,4.28,0.035,17.55,21.94,1851.19,Spring,Northern Hemisphere,Urban,Satellite Station,Low Depletion
-47.13,0.402,15.22,223.31,483.59,323.18,4.54,0.171,19.74,57.05,1875.67,Summer,Southern Hemisphere,Industrial,Weather Balloon Station,Low Depletion
-53.48,0.374,15.39,222.49,476.19,328.74,6.37,0.311,49.84,27.8,1815.35,Winter,Northern Hemisphere,Polar,Satellite Station,Moderate Depletion
-54.74,0.599,22.31,225.85,513.97,323.05,6.87,0.307,23.54,53.65,1863.39,Spring,Southern Hemisphere,Polar,Satellite Station,Moderate Depletion
-53.71,0.666,18.73,232.08,518.72,327.81,6.21,0.273,50.21,56.49,1781.95,Spring,Northern Hemisphere,Industrial,Weather Balloon Station,Moderate Depletion
-56.72,0.4,16.81,202.56,468.72,323.1,5.99,0.237,22.2,3.46,1922.32,Winter,Northern Hemisphere,Rural,Weather Balloon Station,Low Depletion
-65.26,1.226,26.84,251.47,524.8,343.95,7.39,0.681,50.15,90.0,1831.27,Spring,Southern Hemisphere,Polar,Satellite Station,Severe Depletion
-45.47,0.353,14.58,218.69,493.78,332.18,6.41,0.117,36.06,29.41,1917.43,Summer,Northern Hemisphere,Industrial,Satellite Station,Low Depletion
-54.97,0.276,9.69,187.16,486.16,316.42,NaN,0.293,26.98,74.88,1927.12,Spring,Southern Hemisphere,Polar,Ground Based Station,Low Depletion
-54.7,0.661,19.14,231.56,494.42,330.64,6.31,0.472,52.94,67.9,1822.05,Summer,Southern Hemisphere,Urban,Ground Based Station,Moderate Depletion
-71.36,1.139,26.5,273.59,572.9,328.59,9.54,0.796,57.83,90.0,1851.9,Spring,Northern Hemisphere,Industrial,Satellite Station,Severe Depletion
-60.21,1.235,26.04,266.17,538.92,324.95,5.97,0.66,59.86,90.0,1803.6,Winter,Southern Hemisphere,Polar,Ground Based Station,Severe Depletion
-53.76,0.372,13.09,220.04,441.72,331.65,3.08,0.132,33.31,20.96,1884.05,Summer,Southern Hemisphere,Rural,Ground Based Station,Low Depletion
-54.21,0.486,22.98,218.13,524.67,328.68,6.34,0.343,25.02,67.03,1839.83,Summer,Northern Hemisphere,Industrial,Weather Balloon Station,Moderate Depletion
-47.35,0.434,15.5,219.98,450.69,314.05,5.52,0.238,31.88,27.16,1870.36,Winter,Northern Hemisphere,Rural,Satellite Station,Low Depletion
-57.64,1.198,22.9,269.17,534.83,334.12,10.79,0.635,46.41,90.0,1868.23,Winter,Southern Hemisphere,Polar,Weather Balloon Station,Severe Depletion
-50.02,0.2,11.37,196.63,451.92,317.76,3.66,0.023,26.76,36.78,1859.69,Summer,Northern Hemisphere,Industrial,Ground Based Station,Low Depletion
-52.56,0.714,15.87,220.93,490.43,338.59,5.98,0.561,26.35,56.46,1877.31,Spring,Southern Hemisphere,Polar,Satellite Station,Moderate Depletion
-55.01,0.743,14.04,237.91,521.3,335.54,4.8,0.324,35.75,26.14,1882.77,Autumn,Northern Hemisphere,Rural,Satellite Station,Moderate Depletion
-51.67,0.225,11.38,229.48,506.45,315.85,4.95,0.238,49.53,37.06,1804.14,Summer,Northern Hemisphere,Urban,Ground Based Station,Low Depletion
-64.24,1.364,23.8,274.98,555.31,319.24,6.79,NaN,49.61,69.63,1766.23,Spring,Southern Hemisphere,Polar,Weather Balloon Station,Severe Depletion
-50.88,0.524,18.83,245.32,509.66,324.14,6.47,0.102,58.36,30.63,1853.83,Winter,Northern Hemisphere,Urban,Ground Based Station,Moderate Depletion
-47.57,0.348,16.15,225.2,492.72,320.9,4.68,0.123,27.37,12.61,1900.87,Autumn,Southern Hemisphere,Urban,Satellite Station,Low Depletion
-56.98,0.162,18.55,211.92,482.14,328.9,7.64,0.212,15.49,28.78,1914.82,Winter,Northern Hemisphere,Urban,Ground Based Station,Low Depletion
-50.11,0.312,14.31,222.1,498.98,319.89,4.45,0.061,31.33,27.3,1822.38,Autumn,Southern Hemisphere,Urban,Ground Based Station,Low Depletion
-54.45,0.546,16.23,210.54,478.48,319.6,4.79,0.104,34.71,37.31,1873.0,Summer,Northern Hemisphere,Rural,Satellite Station,Low Depletion
-60.18,0.234,24.26,237.27,510.63,320.99,5.84,0.416,29.03,44.47,1833.08,Winter,Northern Hemisphere,Industrial,Ground Based Station,Moderate Depletion
-45.81,0.469,11.69,214.92,466.26,320.99,7.12,0.008,25.74,45.62,1874.51,Spring,Southern Hemisphere,Industrial,Ground Based Station,Low Depletion
-48.22,0.488,17.51,223.3,506.72,326.2,6.05,0.457,40.84,81.57,1874.08,Winter,Southern Hemisphere,Industrial,Satellite Station,Moderate Depletion
-63.12,1.065,29.71,265.17,535.04,337.73,7.8,0.528,49.19,90.0,1767.96,Spring,Southern Hemisphere,Industrial,Weather Balloon Station,Severe Depletion
-48.54,0.449,18.81,244.87,483.62,331.62,5.29,0.266,44.26,20.46,1762.54,Autumn,Northern Hemisphere,Industrial,Weather Balloon Station,Moderate Depletion
-58.95,0.904,21.93,256.76,507.5,335.55,5.8,0.376,27.73,80.18,1830.53,Spring,Southern Hemisphere,Industrial,Weather Balloon Station,Moderate Depletion
-52.56,0.519,18.21,225.63,481.56,325.1,4.44,0.0,43.78,21.53,1884.47,Summer,Northern Hemisphere,Rural,Satellite Station,Low Depletion
-50.71,0.125,18.41,205.49,485.58,319.49,6.15,0.253,19.37,43.92,1857.12,Spring,Southern Hemisphere,Urban,Ground Based Station,Low Depletion
-56.0,0.512,13.28,221.12,472.0,328.98,6.04,0.385,31.24,62.56,1849.82,Winter,Northern Hemisphere,Polar,Ground Based Station,Low Depletion
-58.46,1.402,24.25,273.0,556.17,316.68,7.71,0.556,58.87,66.57,1728.55,Spring,Southern Hemisphere,Urban,Ground Based Station,Severe Depletion
-47.68,NaN,13.94,208.39,473.89,326.55,4.29,0.156,32.25,39.08,1911.66,Spring,Southern Hemisphere,Urban,Ground Based Station,Low Depletion
-61.77,1.182,24.37,277.69,569.57,335.29,11.39,0.758,42.8,75.0,1798.76,Summer,Southern Hemisphere,Polar,Satellite Station,Severe Depletion
-56.9,0.366,17.32,196.48,479.73,325.99,4.05,0.015,22.37,24.6,1871.82,Spring,Southern Hemisphere,Rural,Satellite Station,Low Depletion
-51.1,0.319,13.0,217.92,488.64,325.28,3.92,0.183,17.76,7.78,1914.35,Winter,Southern Hemisphere,Rural,Weather Balloon Station,Low Depletion
-52.39,0.6,22.48,243.41,468.51,326.01,6.31,0.237,50.78,59.02,1903.22,Autumn,Southern Hemisphere,Industrial,Ground Based Station,Moderate Depletion
-59.91,0.832,15.94,239.06,524.58,322.57,5.57,0.36,48.5,13.34,1797.72,Spring,Southern Hemisphere,Industrial,Ground Based Station,Moderate Depletion
-56.25,1.102,29.35,245.6,583.96,336.64,7.3,0.725,56.15,67.74,1803.32,Spring,Southern Hemisphere,Urban,Satellite Station,Severe Depletion
-57.94,0.642,16.55,228.2,483.04,327.52,5.63,0.074,27.18,57.77,1893.64,Autumn,Southern Hemisphere,Industrial,Satellite Station,Moderate Depletion
-62.0,0.183,13.18,215.15,485.46,323.86,5.13,0.136,24.59,5.14,1928.0,Spring,Southern Hemisphere,Rural,Ground Based Station,Low Depletion
-58.78,1.331,25.79,264.27,544.53,329.41,8.62,0.801,43.93,78.56,1713.94,Spring,Southern Hemisphere,Polar,Satellite Station,Severe Depletion
-45.84,0.637,20.37,240.76,468.51,331.23,6.23,0.388,36.98,46.62,1806.11,Summer,Northern Hemisphere,Polar,Ground Based Station,Moderate Depletion
-50.63,0.652,18.35,233.41,535.82,323.83,4.24,0.152,52.96,42.66,1919.81,Spring,Northern Hemisphere,Urban,Satellite Station,Moderate Depletion
-56.17,1.184,26.14,270.15,568.42,330.23,8.45,0.566,42.42,90.0,1767.92,Winter,Northern Hemisphere,Polar,Weather Balloon Station,Severe Depletion
-50.39,0.452,11.64,212.22,460.98,321.11,5.44,0.038,26.02,18.35,1835.37,Winter,Southern Hemisphere,Polar,Satellite Station,Low Depletion
-53.03,0.471,7.54,225.35,NaN,313.2,3.16,0.109,29.88,51.47,1850.87,Spring,Southern Hemisphere,Urban,Satellite Station,Low Depletion
-64.02,1.138,23.92,273.44,566.07,336.77,8.91,0.714,35.32,55.7,1707.98,Spring,Northern Hemisphere,Urban,Ground Based Station,Severe Depletion
-61.64,0.801,19.54,250.64,506.59,326.57,7.12,0.413,30.9,37.98,1826.79,Spring,Northern Hemisphere,Polar,Ground Based Station,Moderate Depletion
-56.81,0.769,22.79,241.07,537.57,335.92,6.69,0.201,41.07,83.49,1875.1,Summer,Southern Hemisphere,Industrial,Ground Based Station,Moderate Depletion
-54.42,0.343,18.08,217.38,513.69,322.24,3.84,0.274,19.95,37.0,1818.16,Spring,Northern Hemisphere,Rural,Ground Based Station,Low Depletion
-61.06,0.722,20.45,225.53,493.48,333.37,8.52,0.315,39.35,59.45,1791.52,Autumn,Southern Hemisphere,Rural,Weather Balloon Station,Moderate Depletion
-48.46,0.388,18.58,217.63,494.94,331.83,5.85,0.171,43.91,31.96,1939.2,Summer,Northern Hemisphere,Urban,Ground Based Station,Low Depletion
-55.73,0.094,15.53,215.39,473.93,309.19,4.24,0.188,43.36,45.76,1943.74,Summer,Southern Hemisphere,Rural,Ground Based Station,Low Depletion
-50.34,0.75,17.09,256.85,513.87,319.95,NaN,0.201,45.53,40.41,1863.74,Summer,Southern Hemisphere,Urban,Ground Based Station,Moderate Depletion
-50.3,0.164,16.66,213.94,487.96,328.78,4.87,0.248,36.66,70.89,1927.32,Summer,Northern Hemisphere,Urban,Ground Based Station,Low Depletion
-52.19,0.495,11.19,221.86,456.42,326.46,6.25,0.245,39.23,26.18,1847.1,Winter,Southern Hemisphere,Industrial,Ground Based Station,Low Depletion
-63.17,0.713,20.81,229.34,523.66,327.84,7.45,0.298,46.92,53.83,1876.15,Summer,Northern Hemisphere,Rural,Satellite Station,Moderate Depletion
-56.17,1.058,26.86,277.92,541.97,337.09,11.05,0.821,60.27,76.74,1768.45,Winter,Northern Hemisphere,Industrial,Weather Balloon Station,Severe Depletion
-52.2,0.38,18.2,235.05,496.82,331.73,7.92,0.335,45.96,24.08,1837.68,Spring,Northern Hemisphere,Urban,Weather Balloon Station,Moderate Depletion
-43.16,0.501,14.88,215.1,499.16,319.21,5.59,0.224,30.2,18.61,1875.38,Autumn,Northern Hemisphere,Industrial,Ground Based Station,Low Depletion
-49.46,0.227,10.36,207.44,489.76,313.49,6.42,0.3,39.8,19.37,1845.52,Winter,Southern Hemisphere,Urban,Weather Balloon Station,Low Depletion
-55.89,0.785,21.57,220.73,507.1,336.09,8.15,0.255,25.23,18.59,1803.8,Spring,Southern Hemisphere,Urban,Ground Based Station,Moderate Depletion
-54.14,0.502,16.49,217.53,435.83,318.15,3.26,0.466,30.02,26.3,1896.17,Winter,Southern Hemisphere,Rural,Ground Based Station,Low Depletion
-67.46,NaN,24.5,250.88,541.64,326.35,5.92,0.702,36.9,71.27,1773.51,Spring,Southern Hemisphere,Industrial,Satellite Station,Severe Depletion
-55.61,0.498,19.09,216.86,523.18,327.12,7.94,0.437,39.06,48.76,1831.54,Spring,Southern Hemisphere,Urban,Ground Based Station,Moderate Depletion
-63.6,1.343,26.48,265.3,574.44,326.37,9.34,0.629,50.0,NaN,1846.89,Spring,Southern Hemisphere,Rural,Satellite Station,Severe Depletion
-55.6,0.626,18.7,239.58,530.68,325.9,6.34,0.155,40.49,37.7,1791.99,Summer,Northern Hemisphere,Urban,Satellite Station,Moderate Depletion
-51.06,0.322,15.69,220.92,496.39,312.83,2.5,0.488,43.3,50.98,1924.49,Autumn,Southern Hemisphere,Urban,Weather Balloon Station,Low Depletion
-52.36,0.05,14.53,214.55,471.48,325.76,5.6,0.207,29.34,4.63,1808.15,Spring,NaN,Rural,Ground Based Station,Low Depletion
-57.61,0.303,17.7,204.72,459.48,322.62,3.28,0.042,32.47,35.2,1894.47,Summer,Northern Hemisphere,Urban,Satellite Station,Low Depletion
-59.16,0.987,23.11,254.38,541.99,341.65,7.14,0.636,50.01,90.0,1791.77,Winter,Northern Hemisphere,Urban,Satellite Station,Severe Depletion
-54.01,0.125,19.42,219.66,490.87,325.65,5.38,0.235,29.51,37.48,1832.19,Winter,Southern Hemisphere,Urban,Ground Based Station,Low Depletion
-52.88,0.717,16.29,233.71,486.03,325.95,6.16,0.168,33.94,61.98,1872.63,Autumn,Southern Hemisphere,Rural,Satellite Station,Moderate Depletion
-56.75,0.296,11.85,186.3,515.7,330.2,6.13,0.0,32.86,61.32,1838.08,Autumn,Southern Hemisphere,Rural,Ground Based Station,Low Depletion
-52.84,0.785,16.29,244.11,515.45,325.05,6.76,0.281,44.11,61.82,1843.08,Summer,Northern Hemisphere,Urban,Satellite Station,Moderate Depletion
-51.51,0.458,15.67,203.17,482.99,336.75,5.78,0.096,25.09,44.78,1848.41,Autumn,Southern Hemisphere,Industrial,Weather Balloon Station,Low Depletion
-49.03,0.649,18.66,228.55,509.42,330.11,5.26,0.291,32.25,47.95,1849.73,Autumn,Southern Hemisphere,Urban,Weather Balloon Station,Moderate Depletion
-47.65,0.527,12.05,235.23,508.95,336.7,6.5,0.277,41.88,27.83,1866.28,Summer,Southern Hemisphere,Industrial,NaN,Moderate Depletion
-51.4,0.461,16.17,234.56,477.32,321.76,6.07,0.061,NaN,29.38,1870.34,Spring,Northern Hemisphere,Urban,Ground Based Station,Low Depletion
-54.18,0.295,15.24,217.72,447.36,335.87,5.17,0.144,36.6,45.0,1877.14,Winter,Northern Hemisphere,Rural,Ground Based Station,Low Depletion
-54.14,0.405,18.04,215.98,487.89,311.22,6.36,0.261,34.55,30.1,1898.42,Winter,Northern Hemisphere,Rural,Ground Based Station,Low Depletion
-48.26,0.221,19.77,196.01,435.98,330.64,3.25,0.182,37.5,62.97,1928.77,Autumn,Northern Hemisphere,Rural,Ground Based Station,Low Depletion
-55.12,1.268,21.95,276.93,563.63,328.97,9.06,0.682,44.91,77.87,1750.62,Spring,Southern Hemisphere,Polar,Satellite Station,Severe Depletion
-61.1,1.052,23.45,265.53,549.55,328.89,7.96,0.61,72.24,76.98,1789.97,Spring,Southern Hemisphere,Industrial,Weather Balloon Station,Severe Depletion
-58.68,0.897,21.94,255.1,557.28,336.75,9.3,0.726,67.14,60.38,1771.42,Winter,Southern Hemisphere,Polar,Weather Balloon Station,Severe Depletion
-68.04,1.093,28.99,258.06,563.57,321.56,9.05,0.602,64.95,90.0,1750.95,Winter,Northern Hemisphere,Rural,Satellite Station,Severe Depletion
-48.14,0.07,17.34,218.32,492.0,327.98,4.99,0.125,12.32,24.34,1864.56,Spring,Southern Hemisphere,Industrial,Ground Based Station,Low Depletion
-50.68,1.234,32.73,271.05,549.86,315.07,9.37,0.642,51.67,52.92,1789.24,Summer,Southern Hemisphere,Polar,Satellite Station,Severe Depletion
-56.8,1.199,30.25,259.14,540.32,336.84,10.12,0.669,56.05,58.05,1792.76,Spring,Southern Hemisphere,Urban,Ground Based Station,Severe Depletion
-48.55,0.701,13.81,247.84,517.85,337.21,7.01,0.328,40.44,32.89,1859.5,Autumn,Northern Hemisphere,Polar,Ground Based Station,Moderate Depletion
-51.65,0.147,16.5,222.89,475.46,315.66,3.84,0.09,25.96,44.84,1922.4,Winter,Southern Hemisphere,Industrial,Ground Based Station,Low Depletion
-55.99,0.778,19.22,211.29,507.7,320.01,7.44,0.464,36.45,63.24,1821.21,Winter,Northern Hemisphere,Polar,Satellite Station,Moderate Depletion
-49.47,0.389,15.58,212.66,477.17,319.21,5.88,0.204,11.85,76.08,1853.65,Autumn,Northern Hemisphere,Urban,Weather Balloon Station,Low Depletion
-45.74,0.515,19.73,200.85,454.19,330.09,4.72,0.181,19.96,48.77,1833.17,Summer,Southern Hemisphere,Polar,Ground Based Station,Low Depletion
-56.29,0.383,13.1,255.14,511.69,333.33,5.36,0.247,36.58,55.47,1866.6,Autumn,Northern Hemisphere,Urban,Ground Based Station,Moderate Depletion
-53.29,0.472,14.33,221.49,475.89,320.37,2.55,0.087,26.11,58.1,1862.42,Autumn,Southern Hemisphere,Rural,Ground Based Station,Low Depletion
-58.21,0.601,19.37,239.32,530.98,332.67,6.28,0.515,45.34,44.68,1764.45,Winter,Northern Hemisphere,Rural,Satellite Station,Moderate Depletion
-68.34,1.218,26.01,259.51,530.66,323.76,9.79,0.715,57.28,73.13,1774.05,Spring,Southern Hemisphere,Polar,Ground Based Station,Severe Depletion
-49.45,0.347,16.47,226.49,474.85,318.43,4.23,0.192,36.82,48.98,1901.29,Summer,Southern Hemisphere,Rural,Ground Based Station,Low Depletion
-66.65,1.279,32.82,270.92,538.63,330.84,7.71,0.68,59.73,83.01,1849.65,Winter,Southern Hemisphere,Industrial,Ground Based Station,Severe Depletion
-44.77,0.497,18.36,223.51,530.43,320.56,5.37,0.203,37.55,51.7,1852.22,Spring,Southern Hemisphere,Industrial,Satellite Station,Moderate Depletion
-45.69,0.425,17.27,204.86,483.16,325.44,6.2,0.204,32.82,50.92,1897.01,Spring,Northern Hemisphere,Rural,Ground Based Station,Low Depletion
-53.6,0.235,14.81,221.64,480.74,321.0,4.43,0.018,32.75,47.24,1855.79,Autumn,Northern Hemisphere,Industrial,Satellite Station,Low Depletion
-52.15,0.395,17.28,232.05,465.88,323.56,6.81,0.235,26.52,12.22,1888.19,Autumn,Southern Hemisphere,Industrial,Ground Based Station,Low Depletion
-55.27,0.3,15.14,196.0,483.31,325.63,5.7,0.34,31.76,50.55,1898.67,Summer,Southern Hemisphere,Rural,Satellite Station,Low Depletion
-53.0,0.178,21.14,225.51,502.37,324.09,6.22,0.146,43.56,38.87,1936.21,Winter,Southern Hemisphere,Urban,Satellite Station,Low Depletion
-51.29,0.139,17.62,213.2,485.58,315.6,6.24,0.111,22.65,25.85,1825.14,Winter,Northern Hemisphere,Urban,Ground Based Station,Low Depletion
-51.69,0.451,18.13,222.15,497.78,316.14,8.05,0.265,17.37,48.46,1822.72,Summer,Northern Hemisphere,Industrial,Ground Based Station,Low Depletion
-57.67,0.292,19.59,220.05,482.68,321.63,6.27,0.192,28.38,30.15,1779.69,Winter,Northern Hemisphere,Urban,Ground Based Station,Low Depletion
-55.58,0.542,17.23,245.81,514.36,329.71,6.79,0.276,48.75,59.96,1872.03,Winter,Northern Hemisphere,Urban,Ground Based Station,Moderate Depletion
-54.22,0.677,20.33,235.55,507.38,321.5,6.22,0.356,39.93,42.25,1855.68,Summer,Northern Hemisphere,Rural,Ground Based Station,Moderate Depletion
-55.44,1.135,33.26,270.94,538.9,322.56,8.77,0.724,63.78,63.66,1761.04,Spring,Northern Hemisphere,Industrial,Satellite Station,Severe Depletion
-53.32,0.537,16.86,252.09,495.23,317.93,7.08,0.323,27.04,44.76,1845.21,Summer,Northern Hemisphere,Urban,Ground Based Station,Moderate Depletion
-55.96,0.05,12.66,209.25,500.81,322.63,4.85,0.155,28.29,22.42,1856.35,Spring,Northern Hemisphere,Rural,Weather Balloon Station,Low Depletion
-60.01,0.464,20.4,261.21,525.8,321.7,4.54,0.273,28.62,32.2,1878.75,Summer,Southern Hemisphere,Urban,Satellite Station,Moderate Depletion
-51.81,0.417,17.25,211.14,498.56,320.67,5.15,0.143,22.34,9.83,1806.79,Autumn,Northern Hemisphere,Industrial,Weather Balloon Station,Low Depletion
-55.02,0.225,11.99,212.9,490.99,325.02,6.45,0.103,41.05,21.78,1901.45,Summer,Northern Hemisphere,Urban,NaN,Low Depletion
-54.5,0.871,19.56,237.92,503.38,322.69,6.47,0.0,54.64,55.83,1881.27,Autumn,Northern Hemisphere,Industrial,Ground Based Station,Moderate Depletion
-55.85,0.372,23.77,244.06,515.12,323.34,9.14,0.315,32.26,87.91,1865.3,Spring,Northern Hemisphere,Rural,Weather Balloon Station,Moderate Depletion
-53.7,0.71,22.69,226.61,510.96,325.69,8.15,0.383,NaN,65.58,1848.12,Autumn,Southern Hemisphere,Rural,Satellite Station,Moderate Depletion
-52.71,0.184,13.09,198.32,541.54,319.19,5.29,0.303,40.58,36.17,1926.95,Summer,Southern Hemisphere,Rural,Satellite Station,Low Depletion
-56.74,0.619,18.68,236.34,471.9,331.16,4.82,0.22,31.87,54.03,1914.76,Winter,Southern Hemisphere,Industrial,Ground Based Station,Moderate Depletion
-46.68,0.393,13.17,237.69,459.4,335.63,5.08,0.314,28.6,19.31,1824.37,Spring,Northern Hemisphere,Rural,Ground Based Station,Low Depletion
-57.2,0.398,24.2,222.76,485.67,328.05,6.47,0.246,20.55,27.91,1878.06,Winter,Southern Hemisphere,Industrial,Ground Based Station,Moderate Depletion
-53.29,0.056,15.22,203.45,480.4,327.66,3.91,0.24,44.85,24.79,1842.99,Autumn,Southern Hemisphere,Industrial,Ground Based Station,Low Depletion
-63.12,1.164,25.38,247.8,564.59,326.61,7.31,0.667,59.69,88.71,1769.77,Spring,Southern Hemisphere,Rural,Satellite Station,Severe Depletion
-50.09,0.535,20.11,206.54,475.61,313.95,3.68,0.217,24.79,12.67,1810.25,Summer,Northern Hemisphere,Rural,Satellite Station,Low Depletion
-51.12,0.685,16.08,217.62,506.51,322.48,6.41,0.206,21.8,54.36,1888.74,Summer,Northern Hemisphere,Urban,Satellite Station,Low Depletion
-53.39,0.35,18.6,222.6,460.13,332.29,5.21,0.08,28.93,71.97,1910.56,Winter,Northern Hemisphere,Rural,Ground Based Station,Low Depletion
-51.8,0.207,12.14,216.33,527.63,316.03,2.71,0.11,18.79,34.99,1929.62,Winter,Northern Hemisphere,Rural,Ground Based Station,Low Depletion
-52.55,0.465,15.12,231.47,489.4,340.03,3.98,0.296,45.59,61.26,1865.88,Winter,Northern Hemisphere,Rural,Ground Based Station,Moderate Depletion
-47.22,0.661,15.28,211.85,488.95,312.49,2.36,0.118,18.81,35.93,1876.41,Summer,Southern Hemisphere,Rural,Ground Based Station,Low Depletion
-52.83,0.406,22.84,223.36,525.42,337.2,5.29,0.22,35.17,51.1,1840.16,Spring,Northern Hemisphere,Polar,Ground Based Station,Moderate Depletion
-55.06,0.446,15.54,238.69,509.07,331.39,5.39,0.366,52.24,51.75,1898.18,Spring,Southern Hemisphere,Urban,Ground Based Station,Moderate Depletion
-50.88,0.269,20.55,213.9,484.23,317.64,3.26,0.15,34.34,40.8,1874.28,Spring,Northern Hemisphere,Polar,Satellite Station,Low Depletion
-57.23,0.497,17.75,216.15,546.15,327.75,5.05,0.301,37.47,69.11,1857.12,Autumn,Northern Hemisphere,Rural,Ground Based Station,Moderate Depletion
-44.61,0.443,15.97,210.05,514.96,325.96,2.65,0.191,20.12,31.14,1911.71,Summer,Northern Hemisphere,Industrial,Ground Based Station,Low Depletion
-49.98,0.363,21.75,242.86,538.55,342.22,5.85,0.464,42.87,8.56,1819.39,Winter,Southern Hemisphere,Industrial,Ground Based Station,Moderate Depletion
-55.31,0.408,22.53,203.41,492.77,318.52,3.42,0.151,27.73,5.76,1920.39,Autumn,Northern Hemisphere,Urban,Ground Based Station,Low Depletion
-57.61,0.629,24.96,236.04,468.28,313.08,7.7,0.249,51.29,62.08,1864.73,Spring,Southern Hemisphere,Industrial,Weather Balloon Station,Moderate Depletion
-52.62,0.565,18.71,246.84,494.68,325.03,7.6,0.225,40.73,29.38,1840.68,Summer,Southern Hemisphere,Urban,Ground Based Station,Moderate Depletion
-54.57,0.38,14.29,219.64,483.03,320.64,5.96,0.302,27.02,28.36,1972.05,Spring,Northern Hemisphere,Rural,Satellite Station,Low Depletion
-54.03,0.592,14.11,219.65,518.69,317.03,7.14,0.301,43.6,76.01,1934.32,Winter,Southern Hemisphere,Polar,Satellite Station,Moderate Depletion
-57.27,1.229,25.45,245.86,569.9,344.99,NaN,0.776,65.95,76.43,1794.06,Winter,Southern Hemisphere,Polar,Satellite Station,Severe Depletion
-56.71,0.803,24.84,287.27,588.27,337.51,8.81,0.831,69.83,54.41,1860.01,Winter,Southern Hemisphere,Polar,Weather Balloon Station,Severe Depletion
-46.22,0.252,19.56,221.85,499.39,327.86,4.0,0.011,24.54,15.78,1887.64,Autumn,Northern Hemisphere,Urban,Weather Balloon Station,Low Depletion
-48.66,0.304,12.69,218.8,494.62,322.36,5.97,0.161,36.29,38.86,1917.3,Summer,Southern Hemisphere,Polar,Satellite Station,Low Depletion
NaN,1.172,23.48,278.73,542.77,331.7,7.55,0.594,44.81,73.28,1808.45,Autumn,Southern Hemisphere,Polar,Satellite Station,Severe Depletion
-63.82,0.709,30.56,263.9,522.46,323.98,7.8,0.668,80.68,66.29,1776.62,Winter,NaN,Industrial,Satellite Station,Severe Depletion
-56.24,1.238,27.66,251.71,557.98,324.13,6.43,0.754,32.98,62.16,1779.54,Spring,Southern Hemisphere,Urban,Weather Balloon Station,Severe Depletion
-52.65,0.447,20.6,234.01,511.37,328.84,6.79,0.351,42.85,39.79,1822.13,Winter,Southern Hemisphere,Urban,Ground Based Station,Moderate Depletion
-57.38,1.109,22.56,238.94,562.65,326.27,8.38,0.714,64.36,90.0,1846.84,Winter,Southern Hemisphere,Polar,Satellite Station,Severe Depletion
-56.28,0.695,17.65,228.79,513.11,325.12,7.85,0.512,36.06,35.7,1791.72,Autumn,Northern Hemisphere,Rural,Ground Based Station,Moderate Depletion
-58.09,0.212,15.76,210.96,469.98,317.84,3.21,0.21,36.43,24.58,1831.53,Spring,Southern Hemisphere,Polar,Ground Based Station,Low Depletion
-53.83,0.555,19.96,244.71,503.12,338.86,5.53,0.341,33.11,25.83,1828.21,Spring,Southern Hemisphere,Industrial,Satellite Station,Moderate Depletion
-45.06,0.474,13.25,214.05,481.53,325.87,4.43,0.112,27.86,51.46,1912.66,Summer,Northern Hemisphere,Industrial,Satellite Station,Low Depletion
-49.4,0.499,13.28,224.64,501.52,319.32,7.24,0.297,45.65,36.43,1797.87,Spring,Northern Hemisphere,Polar,Satellite Station,Moderate Depletion
-50.56,0.754,16.49,241.94,497.92,317.6,7.49,0.364,38.07,75.44,1906.99,Autumn,Northern Hemisphere,Rural,Satellite Station,Moderate Depletion
-54.47,0.341,16.41,260.12,497.18,326.68,5.37,0.268,49.44,56.91,1930.41,Spring,Northern Hemisphere,Urban,Satellite Station,Moderate Depletion
-51.0,0.446,12.81,227.11,496.54,330.55,3.98,0.129,27.77,20.64,1817.55,Winter,Northern Hemisphere,Urban,Satellite Station,Low Depletion
-54.83,0.569,22.01,235.18,547.77,325.81,7.37,0.262,5.0,74.75,1767.99,Spring,Northern Hemisphere,Polar,Ground Based Station,Moderate Depletion
-55.91,0.47,13.48,234.05,508.73,324.32,7.33,0.394,33.7,70.19,1862.21,Spring,Northern Hemisphere,Urban,Ground Based Station,Moderate Depletion
-49.24,0.613,18.22,239.36,505.29,326.76,6.94,0.254,22.55,60.02,1838.19,Spring,Northern Hemisphere,Polar,Satellite Station,Moderate Depletion
-49.36,0.612,21.54,238.23,506.32,327.61,8.5,0.385,51.43,57.9,1842.43,Spring,Northern Hemisphere,Urban,Satellite Station,Moderate Depletion
-52.48,0.315,17.93,209.47,476.33,329.22,2.11,0.165,32.72,15.12,1921.84,Summer,Southern Hemisphere,Urban,Weather Balloon Station,Low Depletion
-49.64,0.279,13.84,216.72,484.55,309.4,4.04,0.208,29.32,40.12,1927.63,Winter,Southern Hemisphere,Urban,Satellite Station,Low Depletion
-53.77,0.183,16.2,206.93,470.22,318.07,3.26,0.313,39.75,7.61,1823.41,Autumn,Northern Hemisphere,Rural,Ground Based Station,Low Depletion
-45.8,0.178,20.71,229.85,470.63,311.57,5.91,0.22,24.54,55.5,1847.43,Summer,Northern Hemisphere,Industrial,Satellite Station,Low Depletion
-57.24,1.33,30.99,269.31,515.9,325.51,9.32,0.567,52.34,90.0,1753.34,Spring,Northern Hemisphere,Rural,Satellite Station,Severe Depletion
-49.46,0.462,19.11,214.93,475.5,322.48,4.56,0.204,39.39,-6.23,1871.95,Spring,Northern Hemisphere,Rural,Satellite Station,Low Depletion
-57.13,0.738,16.56,231.36,502.93,330.18,3.76,0.47,48.19,26.56,1852.48,Winter,Northern Hemisphere,Urban,Weather Balloon Station,Moderate Depletion
-52.15,0.314,11.31,229.43,472.88,324.94,3.58,0.264,31.66,28.85,1872.2,Spring,Northern Hemisphere,Rural,Ground Based Station,Low Depletion
-56.74,0.33,18.71,224.29,504.75,333.06,5.26,0.284,42.0,66.45,1882.22,Spring,Northern Hemisphere,Industrial,Satellite Station,Moderate Depletion
-64.08,0.9,24.8,291.35,523.82,333.85,8.52,0.66,43.09,87.63,1791.14,Spring,Southern Hemisphere,Industrial,Weather Balloon Station,Severe Depletion
-52.75,0.185,21.96,210.96,490.81,322.36,2.63,0.101,19.02,76.21,1843.1,Summer,Northern Hemisphere,Urban,Satellite Station,Low Depletion
-57.73,1.369,28.35,244.05,579.67,337.27,7.59,0.97,43.47,64.55,1752.08,Winter,Northern Hemisphere,Urban,Satellite Station,Severe Depletion
-56.2,1.131,33.81,277.96,517.14,335.28,8.96,0.768,47.67,69.57,1793.47,Spring,Southern Hemisphere,Polar,Ground Based Station,Severe Depletion
-55.14,0.396,12.85,225.15,476.6,312.02,4.69,0.198,8.73,42.26,NaN,Autumn,Northern Hemisphere,Rural,Satellite Station,Low Depletion
-49.31,0.372,13.43,231.88,499.47,320.52,6.69,0.17,45.58,35.65,1844.65,Spring,Southern Hemisphere,Urban,Ground Based Station,Low Depletion
-54.2,0.216,22.15,229.54,478.35,329.31,NaN,0.277,37.17,34.94,1888.72,Autumn,Southern Hemisphere,Rural,Ground Based Station,Moderate Depletion
-58.67,0.635,16.23,228.66,486.27,325.28,5.4,0.374,31.94,33.71,1856.38,Summer,Northern Hemisphere,Rural,Satellite Station,Moderate Depletion
-58.97,1.062,26.36,267.23,582.27,334.19,9.76,0.598,56.92,75.18,1740.37,Winter,Northern Hemisphere,Rural,Satellite Station,Severe Depletion
-48.32,0.413,20.03,202.34,481.59,317.43,3.81,0.347,22.4,-12.11,1842.85,Winter,Northern Hemisphere,Urban,Ground Based Station,Low Depletion
-59.6,1.158,30.2,253.09,554.49,337.15,9.57,0.859,50.54,63.84,1819.15,Spring,Southern Hemisphere,Polar,Satellite Station,Severe Depletion
-57.99,0.613,16.73,255.63,509.47,334.08,4.95,0.371,29.97,62.23,1799.28,Winter,Southern Hemisphere,Polar,Ground Based Station,Moderate Depletion
-61.69,0.977,29.14,276.19,571.56,330.66,9.46,0.795,49.98,58.43,1794.83,Winter,Southern Hemisphere,Polar,Satellite Station,Severe Depletion
-43.77,0.382,18.02,230.5,474.47,319.35,3.54,0.255,29.62,52.69,1975.93,Spring,Southern Hemisphere,Industrial,Ground Based Station,Low Depletion
-57.21,0.598,18.02,239.75,501.78,326.65,5.98,0.427,40.09,29.84,1812.45,Summer,Southern Hemisphere,Urban,Satellite Station,Moderate Depletion
-52.84,0.422,15.47,225.12,501.8,321.99,3.38,0.196,29.04,21.27,1851.91,Summer,Northern Hemisphere,Rural,Ground Based Station,Low Depletion
-48.47,0.32,14.46,232.3,500.77,315.64,3.83,0.172,25.01,62.66,1894.1,Autumn,Southern Hemisphere,Industrial,Ground Based Station,Low Depletion
-59.93,1.198,23.54,253.18,568.93,327.92,7.64,0.681,54.3,90.0,1782.98,Spring,Northern Hemisphere,Polar,Satellite Station,Severe Depletion
-55.59,0.51,22.75,240.04,518.32,328.36,6.24,0.519,31.73,51.74,1905.08,Autumn,Northern Hemisphere,Polar,Weather Balloon Station,Moderate Depletion
-51.89,0.511,13.92,203.08,438.99,326.06,4.46,0.164,42.56,32.7,1876.75,Autumn,Northern Hemisphere,Industrial,Ground Based Station,Low Depletion
-52.98,1.222,32.81,285.13,529.49,332.29,7.9,0.774,40.91,69.79,1792.7,Spring,Northern Hemisphere,Polar,Weather Balloon Station,Severe Depletion
-58.68,0.439,22.52,231.5,518.35,327.85,7.93,0.291,30.34,46.87,1790.31,Winter,Southern Hemisphere,Urban,Ground Based Station,Moderate Depletion
-66.47,1.204,29.04,253.72,515.02,322.98,7.42,0.758,59.09,90.0,1850.38,Autumn,Southern Hemisphere,Urban,Weather Balloon Station,Severe Depletion
-48.42,0.282,19.57,192.69,487.99,315.17,4.31,0.052,35.33,32.76,1898.1,Summer,Northern Hemisphere,Rural,Satellite Station,Low Depletion
-66.76,0.976,24.86,263.86,550.77,327.77,5.32,0.866,48.2,72.0,1808.7,Spring,Southern Hemisphere,Polar,Weather Balloon Station,Severe Depletion
-44.82,0.088,17.04,212.41,452.99,312.24,5.11,0.086,13.43,13.54,1861.87,Summer,Southern Hemisphere,Industrial,Satellite Station,Low Depletion
-49.3,0.068,10.45,206.48,481.51,315.82,4.12,0.105,37.2,61.69,1830.03,Spring,Northern Hemisphere,Industrial,Ground Based Station,Low Depletion
-45.89,0.409,11.12,210.79,468.59,325.95,4.78,0.095,31.08,52.1,1862.91,Spring,Southern Hemisphere,Urban,Ground Based Station,Low Depletion
-59.02,1.001,26.13,270.52,561.83,NaN,9.76,0.658,52.29,61.58,1810.49,Autumn,Northern Hemisphere,Rural,Satellite Station,Severe Depletion
-56.48,0.263,15.96,207.41,475.9,321.36,3.67,0.159,26.33,33.95,1861.92,Autumn,Southern Hemisphere,Urban,Ground Based Station,Low Depletion
-53.19,0.375,17.54,222.43,468.52,320.09,0.93,0.087,29.98,31.43,1828.38,Summer,Southern Hemisphere,Industrial,Ground Based Station,Low Depletion
-52.98,0.297,15.12,213.67,448.36,318.19,4.33,0.0,14.77,13.95,1882.21,Summer,Northern Hemisphere,Rural,Ground Based Station,Low Depletion
-45.29,0.352,NaN,232.22,452.04,319.21,4.49,0.241,35.36,58.23,1822.46,Summer,Northern Hemisphere,Industrial,Satellite Station,Low Depletion
-52.83,0.639,15.39,246.54,507.23,341.85,8.64,0.318,23.18,59.56,1822.12,Autumn,Northern Hemisphere,Polar,Weather Balloon Station,Moderate Depletion
-59.91,1.076,25.76,268.09,552.71,331.78,9.57,0.607,53.63,78.61,1797.19,Autumn,Southern Hemisphere,Rural,Satellite Station,Severe Depletion
-60.21,1.178,25.41,265.59,552.53,330.21,9.1,0.622,55.57,88.77,1765.08,Spring,Southern Hemisphere,Rural,Satellite Station,Severe Depletion
-45.62,0.335,14.67,208.82,494.93,314.13,6.44,0.176,24.84,0.35,1823.91,Winter,Northern Hemisphere,Industrial,Ground Based Station,Low Depletion
-55.47,0.466,16.82,231.6,491.55,322.22,6.47,0.16,40.81,54.9,1821.35,Spring,Northern Hemisphere,Industrial,Satellite Station,Moderate Depletion
-60.26,0.883,22.84,248.71,571.06,334.86,6.3,0.79,60.02,57.81,1767.36,Autumn,Southern Hemisphere,Polar,Weather Balloon Station,Severe Depletion
-54.59,0.304,20.66,220.67,473.4,319.71,4.52,0.221,10.58,37.21,1905.21,Winter,Southern Hemisphere,Polar,Satellite Station,Low Depletion
-49.83,0.453,16.28,212.01,483.35,314.88,4.2,0.193,19.93,32.32,1937.17,Winter,Northern Hemisphere,Industrial,Satellite Station,Low Depletion
-65.81,0.863,17.24,248.25,509.09,331.37,6.33,0.388,33.15,56.51,1870.85,Autumn,Northern Hemisphere,Urban,Satellite Station,Moderate Depletion
-57.33,0.574,18.71,228.26,503.1,317.96,5.19,0.374,31.63,49.04,1842.73,NaN,Southern Hemisphere,Urban,Ground Based Station,Moderate Depletion
-59.9,0.45,16.43,227.44,479.82,314.52,5.65,0.316,33.62,8.72,1911.54,Summer,Northern Hemisphere,Polar,Ground Based Station,Low Depletion
-54.52,0.372,13.62,238.32,511.24,322.92,7.57,0.168,37.71,54.91,1810.54,Autumn,Northern Hemisphere,Industrial,Ground Based Station,Moderate Depletion
-46.34,0.462,16.5,205.02,527.52,327.99,6.78,0.326,33.95,39.45,1854.94,Summer,Southern Hemisphere,Urban,Satellite Station,Moderate Depletion
-53.63,0.28,21.8,233.88,506.09,325.26,6.41,0.296,26.37,57.84,1758.86,Summer,Southern Hemisphere,Urban,Weather Balloon Station,Moderate Depletion
-54.61,0.39,11.58,205.86,475.56,317.61,6.6,0.065,12.61,38.95,1898.72,Summer,Northern Hemisphere,Rural,Satellite Station,Low Depletion
-44.59,0.493,17.32,238.56,487.84,322.29,7.53,0.238,40.3,73.73,1803.7,Summer,Northern Hemisphere,Industrial,Weather Balloon Station,Moderate Depletion
-52.63,0.58,20.86,240.18,450.05,333.72,5.72,0.185,14.99,47.92,1900.97,Summer,Southern Hemisphere,Rural,Satellite Station,Low Depletion
-53.41,0.505,12.52,222.48,502.56,325.03,5.38,0.136,45.18,1.69,1942.14,Autumn,Northern Hemisphere,Rural,Ground Based Station,Low Depletion
-55.25,0.623,21.33,223.41,490.1,318.08,7.02,0.222,26.49,57.13,1832.01,Spring,Northern Hemisphere,Rural,Ground Based Station,Moderate Depletion
-55.4,0.549,18.43,206.32,495.44,316.73,7.45,0.344,41.47,86.62,1831.11,Spring,Southern Hemisphere,Polar,Ground Based Station,Moderate Depletion
-58.55,1.131,25.47,284.18,580.76,318.21,7.11,0.537,55.95,40.91,1809.61,Winter,Southern Hemisphere,Industrial,Ground Based Station,Severe Depletion
-54.57,0.503,13.35,217.41,465.81,325.19,7.55,0.092,17.76,35.07,1876.38,Autumn,Northern Hemisphere,Urban,Ground Based Station,Low Depletion
-52.09,0.145,11.23,213.11,451.27,317.46,5.57,0.236,42.74,34.85,1844.85,Winter,Northern Hemisphere,Rural,Satellite Station,Low Depletion
-51.91,0.246,13.76,232.96,451.86,325.02,4.49,0.183,37.4,30.49,1808.08,Spring,Northern Hemisphere,Rural,Ground Based Station,Low Depletion
-47.96,0.258,10.11,212.39,479.78,325.69,2.31,0.111,25.37,56.11,1919.51,Summer,Northern Hemisphere,Rural,Ground Based Station,Low Depletion
-63.41,1.404,33.84,280.41,566.12,325.96,8.4,0.693,59.18,90.0,1783.78,Spring,Northern Hemisphere,Industrial,Ground Based Station,Severe Depletion
-49.32,0.75,22.65,230.61,533.63,317.71,6.33,0.2,36.5,38.61,1812.45,Winter,Southern Hemisphere,Industrial,Ground Based Station,Moderate Depletion
-56.32,1.084,27.65,242.1,552.52,320.88,9.04,0.599,42.24,70.67,1815.98,Spring,Southern Hemisphere,Polar,Satellite Station,Severe Depletion
-54.42,0.288,NaN,218.54,492.17,328.44,5.49,0.231,26.0,31.56,1898.4,Winter,Southern Hemisphere,Rural,Ground Based Station,Low Depletion
-55.68,0.669,20.56,240.95,490.15,323.64,6.13,0.452,26.35,52.87,1840.3,Winter,Southern Hemisphere,Polar,Satellite Station,Moderate Depletion
-57.96,1.248,24.16,246.49,561.2,324.7,7.92,0.646,42.01,90.0,1830.78,Spring,Southern Hemisphere,Rural,Satellite Station,Severe Depletion
-58.27,1.096,18.76,264.23,567.65,321.13,8.72,0.714,70.38,85.89,1829.63,Spring,Southern Hemisphere,Polar,Ground Based Station,Severe Depletion
-49.47,0.587,20.52,230.28,488.72,328.71,5.45,0.106,26.77,47.27,1831.56,Winter,Northern Hemisphere,Industrial,Satellite Station,Moderate Depletion
-49.79,0.353,9.35,196.21,473.26,320.14,4.67,0.358,44.14,55.61,1946.09,Winter,Northern Hemisphere,Urban,Satellite Station,Low Depletion
-58.59,1.066,22.18,215.83,531.64,331.87,2.65,0.38,47.37,24.52,1823.03,Autumn,Northern Hemisphere,Rural,Ground Based Station,Moderate Depletion
-57.21,0.457,15.24,230.83,534.05,326.32,6.63,0.201,21.29,46.3,1846.58,Winter,Southern Hemisphere,Industrial,Satellite Station,Moderate Depletion
-55.87,0.438,20.49,214.24,514.62,330.67,2.37,0.245,46.1,77.34,1805.95,Autumn,Southern Hemisphere,Urban,Weather Balloon Station,Low Depletion
-60.52,0.554,12.74,221.83,485.11,328.16,4.68,0.587,20.32,43.6,1872.55,Spring,Northern Hemisphere,Urban,NaN,Moderate Depletion
-47.57,0.227,10.69,207.7,481.74,329.44,5.2,0.139,19.53,58.5,1955.08,Summer,Northern Hemisphere,Industrial,Weather Balloon Station,Low Depletion
-46.96,0.538,22.69,246.95,499.56,323.68,4.71,0.373,24.34,43.77,1868.81,Autumn,Northern Hemisphere,NaN,Ground Based Station,Moderate Depletion
-51.39,1.066,26.42,262.09,588.47,334.93,10.6,0.599,69.13,83.89,1812.62,Autumn,Southern Hemisphere,Industrial,Weather Balloon Station,Severe Depletion
-51.51,0.273,16.99,227.35,484.1,332.9,5.63,0.155,37.03,50.9,1875.29,Autumn,Northern Hemisphere,Rural,Ground Based Station,Low Depletion
-53.04,0.764,23.36,217.66,505.66,325.12,4.96,0.241,42.47,62.26,1870.12,Winter,Southern Hemisphere,Urban,Ground Based Station,Moderate Depletion
-51.61,0.39,12.6,239.28,517.96,327.71,6.7,0.267,34.69,11.54,1856.72,Winter,Northern Hemisphere,Rural,Weather Balloon Station,Moderate Depletion
-53.8,0.486,17.31,230.15,510.46,333.61,6.68,0.154,41.67,47.29,1838.57,Autumn,Northern Hemisphere,Industrial,Ground Based Station,Moderate Depletion
-58.45,0.425,20.42,216.62,478.64,330.65,2.51,0.0,33.31,23.69,1864.82,Summer,Northern Hemisphere,Industrial,Weather Balloon Station,Low Depletion
-57.71,0.461,16.59,244.84,513.23,325.98,6.39,0.288,53.14,74.33,1861.48,Autumn,Northern Hemisphere,Rural,Weather Balloon Station,Moderate Depletion
-55.13,0.797,18.91,226.13,497.84,333.63,4.68,0.582,42.63,56.38,1901.76,Autumn,Southern Hemisphere,Polar,Satellite Station,Moderate Depletion
-60.17,1.117,25.33,260.05,547.0,314.96,7.96,0.621,48.76,81.71,1775.12,Spring,Southern Hemisphere,Industrial,Satellite Station,Severe Depletion
-67.77,0.859,22.6,264.89,528.97,329.06,9.92,0.86,65.58,73.44,1805.48,Spring,Northern Hemisphere,Polar,Satellite Station,Severe Depletion
-52.77,0.675,15.96,239.6,513.77,329.65,3.96,0.215,37.14,66.22,1792.65,Spring,Northern Hemisphere,Polar,Ground Based Station,Moderate Depletion
-62.45,1.002,22.78,267.19,554.72,337.18,9.17,0.728,46.51,65.82,1809.88,Spring,Southern Hemisphere,Industrial,Weather Balloon Station,Severe Depletion
-42.8,0.316,14.85,214.46,463.09,316.31,3.76,0.101,32.65,18.87,1812.05,Autumn,Southern Hemisphere,Urban,Ground Based Station,Low Depletion
-44.34,0.44,9.39,217.78,481.62,318.64,5.22,0.191,34.21,61.27,1821.42,Autumn,Southern Hemisphere,Rural,Satellite Station,Low Depletion
-54.77,0.346,6.03,220.14,453.31,330.0,5.88,0.231,31.85,22.72,1906.73,Summer,Northern Hemisphere,Rural,Ground Based Station,Low Depletion
-50.43,0.178,15.4,203.4,454.74,321.9,4.72,0.228,33.98,42.83,1875.45,Winter,Northern Hemisphere,Rural,Ground Based Station,Low Depletion
-54.33,0.436,19.02,231.22,530.21,318.38,8.12,0.264,44.07,78.68,1903.63,Winter,Northern Hemisphere,Polar,Weather Balloon Station,Moderate Depletion
-47.84,0.151,12.11,239.5,435.01,323.39,5.53,0.057,42.22,50.83,1914.03,Spring,Northern Hemisphere,Industrial,Weather Balloon Station,Low Depletion
-52.95,0.746,21.04,237.6,488.89,320.29,5.78,0.364,30.02,71.95,1907.29,Spring,Southern Hemisphere,Industrial,Ground Based Station,Moderate Depletion
-41.89,0.495,8.29,218.62,499.88,308.58,5.02,0.018,8.44,35.92,1840.97,Summer,Northern Hemisphere,Urban,Satellite Station,Low Depletion
-54.81,0.573,12.68,220.93,503.2,320.6,5.14,0.211,40.53,65.32,1893.0,Winter,Northern Hemisphere,Urban,Satellite Station,Low Depletion
-58.72,1.258,30.41,278.4,553.97,327.33,11.7,0.709,62.53,88.01,1808.98,Spring,Southern Hemisphere,Rural,Satellite Station,Severe Depletion
-61.74,1.003,27.85,248.52,613.71,333.12,8.49,0.792,38.06,90.0,1829.41,Spring,Southern Hemisphere,Polar,Satellite Station,Severe Depletion
-52.08,0.414,17.14,228.17,500.59,314.42,5.34,0.214,45.37,40.45,1798.49,Autumn,Northern Hemisphere,Rural,Ground Based Station,Low Depletion
-49.68,0.214,16.22,212.02,476.48,324.54,6.12,0.041,41.23,30.61,1934.65,Spring,Northern Hemisphere,Rural,Ground Based Station,Low Depletion
-60.49,0.44,16.12,208.21,480.15,328.19,3.99,0.23,26.55,53.99,1936.92,Spring,Northern Hemisphere,Urban,Satellite Station,Low Depletion
-61.55,1.111,32.09,279.26,554.27,327.72,7.77,0.625,56.81,49.67,1818.54,Spring,Southern Hemisphere,Industrial,Weather Balloon Station,Severe Depletion
-50.17,0.821,14.29,212.13,501.2,326.62,6.97,0.366,26.43,14.31,1883.98,Winter,Southern Hemisphere,Rural,Weather Balloon Station,Low Depletion
-62.12,1.413,24.74,270.9,591.03,328.42,8.93,0.812,49.22,70.99,1815.41,Winter,Southern Hemisphere,Urban,Satellite Station,Severe Depletion
-53.9,0.313,17.52,217.92,445.07,318.78,4.08,0.17,26.98,52.43,1945.5,Spring,Southern Hemisphere,Polar,Satellite Station,Low Depletion
-60.43,0.592,19.58,227.99,502.51,323.18,8.08,0.421,10.55,58.24,1845.87,Autumn,Southern Hemisphere,Rural,Ground Based Station,Moderate Depletion
-52.42,0.412,12.86,221.23,486.77,312.74,5.65,0.075,21.86,54.44,1874.27,Winter,Southern Hemisphere,Rural,Ground Based Station,Low Depletion
-63.32,1.23,27.53,258.04,515.65,322.75,11.03,0.799,58.37,69.64,1926.51,Autumn,Southern Hemisphere,Polar,Weather Balloon Station,Severe Depletion
-67.58,1.271,24.92,242.96,555.32,320.8,6.89,0.698,63.68,72.96,1889.38,Winter,Northern Hemisphere,Industrial,Ground Based Station,Severe Depletion
-59.21,0.55,17.63,225.51,521.59,330.87,9.55,0.321,42.19,80.17,1831.4,Spring,Northern Hemisphere,Urban,Ground Based Station,Moderate Depletion
-68.07,0.961,32.57,276.34,540.02,332.76,9.24,0.556,65.32,64.47,1810.85,Spring,Southern Hemisphere,Polar,Satellite Station,Severe Depletion
-60.86,0.524,19.51,232.34,496.27,315.83,5.18,0.16,51.47,43.74,1862.32,Spring,Southern Hemisphere,Industrial,Satellite Station,Moderate Depletion
-57.44,0.516,22.37,236.85,506.13,331.74,6.73,0.217,33.36,72.66,1842.21,Summer,Northern Hemisphere,Industrial,Weather Balloon Station,Moderate Depletion
-50.54,0.273,15.75,210.53,490.39,316.81,4.28,0.134,39.11,37.47,1894.57,Autumn,Southern Hemisphere,Urban,Satellite Station,Low Depletion
-47.79,0.237,12.45,211.09,454.72,322.36,6.48,0.269,11.84,59.9,1863.88,Spring,Northern Hemisphere,Polar,Weather Balloon Station,Low Depletion
-56.57,0.922,24.81,264.25,563.0,324.63,9.26,0.584,43.09,57.84,1822.14,Winter,Southern Hemisphere,Industrial,Ground Based Station,Severe Depletion
-65.68,0.913,26.85,262.37,530.35,326.9,7.62,0.733,40.1,38.62,1820.04,Spring,Northern Hemisphere,Industrial,Satellite Station,Severe Depletion
-51.76,0.231,13.76,215.22,444.09,317.35,5.66,0.133,34.99,23.05,1919.43,Winter,Northern Hemisphere,Rural,Weather Balloon Station,Low Depletion
-50.21,0.383,11.68,217.24,490.06,335.32,4.92,0.112,27.0,43.52,1880.34,Summer,Northern Hemisphere,Industrial,Satellite Station,Low Depletion
-58.41,0.255,17.47,219.61,451.9,333.0,5.53,0.208,33.25,67.02,1878.41,Autumn,Northern Hemisphere,Urban,Ground Based Station,Low Depletion
-51.62,0.244,16.05,200.39,452.09,320.54,1.98,0.07,34.97,81.11,1886.6,Summer,Northern Hemisphere,Rural,Satellite Station,Low Depletion
-47.24,0.365,17.85,214.33,489.59,329.54,4.02,0.059,28.07,11.13,1836.63,Autumn,Northern Hemisphere,Rural,Satellite Station,Low Depletion
-54.11,0.394,14.67,204.46,453.0,318.4,5.73,0.217,22.0,50.47,1859.46,Summer,Northern Hemisphere,Urban,Weather Balloon Station,Low Depletion
-49.35,0.567,18.45,236.54,498.81,336.78,6.41,0.223,41.74,37.99,1843.74,Winter,Southern Hemisphere,Rural,Weather Balloon Station,Moderate Depletion
-50.58,0.962,17.55,227.71,482.39,325.31,5.78,0.414,16.08,90.0,1861.53,Spring,Northern Hemisphere,Rural,Weather Balloon Station,Moderate Depletion
-57.77,0.691,15.47,228.54,488.43,326.76,5.85,0.364,28.76,58.05,1841.74,Summer,Northern Hemisphere,Polar,Weather Balloon Station,Moderate Depletion
-56.12,1.089,22.36,251.16,549.9,321.85,9.37,0.814,49.9,64.35,1808.68,Summer,Southern Hemisphere,Polar,Weather Balloon Station,Severe Depletion
-52.31,0.349,16.19,208.85,481.86,336.18,4.33,0.133,11.27,21.4,1838.31,Summer,Southern Hemisphere,Urban,Satellite Station,Low Depletion
-61.19,1.229,27.87,251.52,552.06,332.36,7.69,0.889,61.26,79.88,1816.49,Spring,Southern Hemisphere,Rural,Satellite Station,Severe Depletion
-49.69,0.723,16.98,226.98,499.47,328.64,7.56,0.285,37.65,50.06,1819.31,Winter,Northern Hemisphere,Rural,Ground Based Station,Moderate Depletion
-57.92,0.717,17.25,217.28,514.66,320.54,5.75,0.21,34.99,77.82,1869.39,Spring,Southern Hemisphere,Urban,Satellite Station,Moderate Depletion
-56.55,0.601,20.51,210.24,503.06,326.83,6.32,0.315,38.33,39.45,1980.0,Spring,Southern Hemisphere,Polar,Satellite Station,Moderate Depletion
-54.55,0.495,13.18,213.2,468.76,317.47,7.84,0.085,25.01,18.44,1863.72,Autumn,Northern Hemisphere,Rural,Satellite Station,Low Depletion
-47.26,0.268,15.59,204.45,490.69,320.81,4.67,0.213,14.13,58.97,1849.44,Summer,Northern Hemisphere,Rural,Satellite Station,Low Depletion
-56.45,0.64,14.46,223.1,524.87,327.08,6.58,0.212,42.56,22.71,1895.84,Autumn,Northern Hemisphere,Industrial,Satellite Station,Moderate Depletion
-44.51,0.411,20.69,219.28,514.32,319.07,8.07,NaN,17.73,58.96,1962.09,Spring,Southern Hemisphere,Urban,Weather Balloon Station,Low Depletion
-53.18,0.279,17.21,215.55,487.21,317.64,4.82,0.099,23.83,-3.27,1895.26,Autumn,Northern Hemisphere,Polar,Satellite Station,Low Depletion
-63.8,0.584,21.87,244.13,532.45,312.12,6.29,0.436,28.13,35.55,1849.11,Summer,Northern Hemisphere,Urban,Weather Balloon Station,Moderate Depletion
-57.28,0.499,17.46,233.18,556.87,315.21,8.33,0.214,31.37,61.83,1814.21,Summer,Southern Hemisphere,Industrial,Ground Based Station,Moderate Depletion
-56.57,0.422,18.66,200.76,482.71,332.31,6.89,0.15,6.09,15.76,1915.34,Autumn,Southern Hemisphere,Rural,Ground Based Station,Low Depletion
-60.82,1.313,24.46,287.43,546.42,321.44,8.43,0.657,48.08,61.75,1903.59,Winter,Southern Hemisphere,Polar,Ground Based Station,Severe Depletion
-55.16,0.571,13.54,259.18,504.11,328.03,6.23,0.26,43.34,51.27,1869.41,Autumn,Southern Hemisphere,Industrial,Satellite Station,Moderate Depletion
-59.42,0.97,24.87,267.18,562.02,336.12,8.98,0.582,41.71,87.74,1728.1,Spring,Southern Hemisphere,Industrial,Satellite Station,Severe Depletion
-54.61,0.31,10.44,209.23,437.91,336.07,4.76,0.077,12.99,13.53,1868.02,Winter,Southern Hemisphere,Polar,Weather Balloon Station,Low Depletion
-55.62,0.398,13.87,191.05,469.04,328.81,4.89,0.043,10.74,32.51,1907.36,Autumn,Southern Hemisphere,Polar,Satellite Station,Low Depletion
-51.41,0.59,20.17,223.53,457.6,329.49,3.45,0.138,33.04,29.59,1847.49,Winter,Northern Hemisphere,Rural,Weather Balloon Station,Low Depletion
-58.54,1.322,21.64,261.36,542.92,315.04,8.52,0.732,53.24,76.43,1742.98,Spring,Southern Hemisphere,NaN,Satellite Station,Severe Depletion
-61.02,1.113,30.83,247.19,525.08,333.03,7.75,0.78,37.33,57.41,1842.09,Autumn,Southern Hemisphere,Polar,Ground Based Station,Severe Depletion
-64.81,1.072,24.63,261.96,559.41,319.79,7.62,0.814,68.25,37.93,1751.89,Winter,Southern Hemisphere,Polar,Weather Balloon Station,Severe Depletion
-48.15,0.518,15.41,228.45,487.49,324.87,6.37,0.208,37.5,45.53,1773.16,Autumn,Southern Hemisphere,Polar,Satellite Station,Moderate Depletion
-66.44,0.864,25.75,280.91,545.07,328.94,7.1,0.709,60.34,87.73,1761.61,Autumn,Southern Hemisphere,Industrial,Weather Balloon Station,Severe Depletion
-61.67,1.061,20.75,281.72,521.23,320.57,7.64,0.833,58.3,66.13,1734.58,Winter,Southern Hemisphere,Rural,Ground Based Station,Severe Depletion
-59.5,1.098,30.17,251.9,525.34,331.81,9.66,0.597,39.85,59.63,1822.17,Spring,Southern Hemisphere,Industrial,Weather Balloon Station,Severe Depletion
-51.94,0.143,11.82,221.53,470.0,308.72,6.33,0.091,24.92,15.94,1868.53,Winter,Northern Hemisphere,Urban,Ground Based Station,Low Depletion
-55.99,0.366,19.88,219.56,464.82,331.67,2.68,0.142,16.5,58.37,1847.6,Summer,Northern Hemisphere,Rural,Ground Based Station,Low Depletion
-50.19,0.252,14.89,231.67,507.18,318.98,4.81,0.168,30.64,30.84,1756.33,Autumn,Southern Hemisphere,Industrial,Ground Based Station,Low Depletion
-51.51,0.594,22.65,246.42,516.63,324.57,8.09,0.353,63.3,71.37,1904.36,Autumn,Southern Hemisphere,Industrial,Ground Based Station,Moderate Depletion
-55.39,0.104,12.31,217.92,486.51,324.55,3.91,0.094,34.17,27.14,1911.44,Winter,Northern Hemisphere,Rural,Ground Based Station,Low Depletion
-46.09,0.301,16.28,213.75,502.44,314.93,3.27,0.021,28.07,44.15,1867.54,Autumn,Northern Hemisphere,Rural,Ground Based Station,Low Depletion
-45.68,0.186,18.74,200.89,481.69,322.35,3.01,0.144,19.19,1.24,1860.12,Autumn,Southern Hemisphere,Urban,Ground Based Station,Low Depletion
-53.68,0.708,17.77,254.87,511.96,317.27,7.87,0.328,47.94,27.01,1884.05,Summer,Southern Hemisphere,Polar,Satellite Station,Moderate Depletion
-59.56,0.292,15.32,217.3,452.52,319.17,4.83,0.182,20.87,24.16,1884.93,Autumn,Northern Hemisphere,Industrial,Weather Balloon Station,Low Depletion
-54.77,0.422,14.74,176.88,493.96,322.02,3.67,0.133,33.68,36.5,1841.31,Winter,Northern Hemisphere,Rural,Weather Balloon Station,Low Depletion
-55.72,0.69,21.08,235.67,499.78,330.6,8.11,0.299,33.5,53.64,1830.32,Winter,Northern Hemisphere,Rural,Weather Balloon Station,Moderate Depletion
-45.95,0.363,12.61,209.99,490.09,333.15,6.94,0.057,48.48,12.43,1862.61,Autumn,Southern Hemisphere,Rural,Ground Based Station,Low Depletion
-55.15,0.623,19.67,238.6,493.74,323.86,4.47,0.395,19.74,52.49,1888.0,Autumn,Northern Hemisphere,Rural,Satellite Station,Moderate Depletion
-50.34,0.323,17.09,229.14,461.42,334.28,8.54,0.195,14.7,43.61,1808.54,Spring,Southern Hemisphere,Rural,Ground Based Station,Low Depletion
-68.04,1.323,33.16,268.46,582.99,323.97,7.24,0.773,45.68,65.18,1819.38,Spring,Southern Hemisphere,Rural,Ground Based Station,Severe Depletion
-53.47,0.517,18.44,250.73,529.13,325.43,5.93,0.154,51.76,61.98,1897.93,Autumn,Southern Hemisphere,Polar,Ground Based Station,Moderate Depletion
-50.25,0.718,17.16,233.35,501.28,326.89,5.29,0.182,23.78,40.32,1847.18,Summer,Southern Hemisphere,Industrial,Satellite Station,Moderate Depletion
-51.1,0.636,12.47,236.66,502.32,320.27,8.0,0.29,36.82,46.37,1861.76,Autumn,Southern Hemisphere,Urban,Satellite Station,Moderate Depletion
-52.26,0.644,17.96,217.07,477.13,325.42,3.51,0.002,31.27,45.95,1866.64,Summer,Northern Hemisphere,Urban,Ground Based Station,Low Depletion
-51.24,0.334,10.45,234.38,492.89,317.64,4.36,0.261,25.76,54.41,1871.7,Winter,Northern Hemisphere,Industrial,Satellite Station,Low Depletion
-54.73,0.451,19.69,245.23,531.75,334.85,5.87,0.423,28.14,75.78,1852.39,Autumn,Southern Hemisphere,Rural,Weather Balloon Station,Moderate Depletion
-66.38,1.206,21.89,262.57,572.38,328.58,9.03,0.681,49.17,54.62,1852.43,Spring,Southern Hemisphere,Industrial,Satellite Station,Severe Depletion
-50.19,0.439,19.48,230.26,489.07,323.21,4.92,0.333,32.74,29.53,1921.51,Spring,Southern Hemisphere,Industrial,Weather Balloon Station,Low Depletion
-47.4,0.604,23.06,229.19,515.98,326.19,6.24,0.341,47.93,32.12,1869.9,Winter,Southern Hemisphere,Polar,Ground Based Station,Moderate Depletion
-54.47,0.439,18.42,230.84,521.75,329.86,6.82,0.174,27.12,15.62,1912.69,Autumn,Southern Hemisphere,Industrial,Ground Based Station,Moderate Depletion
-50.68,0.331,16.81,NaN,460.68,319.58,5.2,0.109,21.93,23.84,1926.33,Summer,Northern Hemisphere,Urban,Weather Balloon Station,Low Depletion
-59.41,0.601,20.55,230.89,510.31,331.26,5.43,0.275,33.42,72.37,1852.15,Winter,Southern Hemisphere,Rural,Satellite Station,Moderate Depletion
-55.03,0.551,7.4,225.16,480.13,331.02,6.8,0.0,48.05,55.9,1897.84,Summer,Northern Hemisphere,Industrial,Satellite Station,Low Depletion
-51.01,0.656,16.88,217.0,530.58,322.47,6.04,0.06,34.59,78.11,1859.83,Summer,Northern Hemisphere,Polar,Satellite Station,Moderate Depletion
-51.88,0.353,15.9,202.81,494.78,319.1,6.28,0.0,41.88,11.34,1923.91,Winter,Northern Hemisphere,Rural,Ground Based Station,Low Depletion
-51.66,0.34,13.81,202.04,510.81,324.62,5.0,0.129,37.99,27.6,1836.29,Spring,Northern Hemisphere,Rural,Ground Based Station,Low Depletion
-48.82,0.356,14.11,207.84,479.94,322.2,3.5,0.078,26.24,-1.96,1914.75,Summer,Southern Hemisphere,Rural,Satellite Station,Low Depletion
-58.31,0.48,22.72,229.48,533.72,320.72,6.78,0.23,17.41,57.97,1832.7,Spring,Northern Hemisphere,NaN,Ground Based Station,Moderate Depletion
-52.9,0.31,17.68,206.41,484.28,330.0,7.35,0.213,33.92,13.34,1896.94,Summer,Southern Hemisphere,Industrial,Weather Balloon Station,Low Depletion
-53.22,0.257,12.05,228.53,475.59,319.83,6.29,0.234,20.03,1.63,1891.23,Spring,Southern Hemisphere,Industrial,Weather Balloon Station,Low Depletion
-56.19,0.242,16.47,220.85,456.24,324.98,4.04,0.173,37.15,33.73,1868.63,Spring,Southern Hemisphere,Industrial,Ground Based Station,Low Depletion
-54.67,0.568,20.18,230.23,522.55,318.5,6.3,0.255,42.85,28.21,1844.83,Autumn,Southern Hemisphere,Polar,Satellite Station,Moderate Depletion
-47.53,0.556,20.24,207.66,452.21,328.15,2.69,0.36,40.51,48.94,1868.94,Summer,Northern Hemisphere,Urban,Satellite Station,Low Depletion
-59.25,1.128,25.83,261.18,530.31,330.7,8.98,0.686,59.95,90.0,1858.92,Spring,Southern Hemisphere,Rural,Weather Balloon Station,Severe Depletion
-53.71,0.735,14.95,243.24,527.97,321.28,5.85,0.049,23.73,72.69,1793.74,Winter,Southern Hemisphere,Rural,Satellite Station,Moderate Depletion
-49.65,0.315,12.59,216.2,515.36,320.23,4.22,0.371,24.47,13.98,1908.02,Summer,Northern Hemisphere,Rural,Ground Based Station,Low Depletion
-53.86,0.287,21.29,223.91,476.79,318.89,4.17,0.277,38.2,2.54,1913.85,Summer,Southern Hemisphere,Rural,Ground Based Station,Low Depletion
-46.75,0.445,18.63,210.79,503.2,323.62,8.02,0.351,31.89,40.79,1836.61,Summer,Southern Hemisphere,Rural,Satellite Station,Moderate Depletion
-59.24,1.497,29.63,265.72,545.8,340.04,9.55,0.681,59.27,76.2,1804.91,Spring,Southern Hemisphere,Industrial,Satellite Station,Severe Depletion
-50.36,0.58,19.06,238.57,542.15,332.58,6.05,0.393,43.73,58.67,1863.13,Summer,Northern Hemisphere,Industrial,Satellite Station,Moderate Depletion
-43.37,0.402,15.64,207.0,461.82,319.91,4.42,0.159,17.41,16.56,1817.81,Summer,Southern Hemisphere,Industrial,Ground Based Station,Low Depletion
-52.9,0.291,14.59,208.27,480.68,318.67,6.5,0.278,26.68,30.69,1885.08,Summer,Northern Hemisphere,Rural,Weather Balloon Station,Low Depletion
-58.84,0.553,23.89,259.9,497.71,330.84,6.84,0.198,59.72,48.76,1808.37,Winter,Southern Hemisphere,Polar,Ground Based Station,Moderate Depletion
-52.27,0.481,13.64,237.55,471.01,324.45,8.19,0.268,46.98,57.51,1825.68,Autumn,Southern Hemisphere,Industrial,Ground Based Station,Moderate Depletion
-58.01,0.931,23.61,248.12,531.93,NaN,8.07,0.672,37.62,90.0,1808.46,Winter,Southern Hemisphere,Polar,Weather Balloon Station,Severe Depletion
-46.65,0.47,23.95,251.21,514.97,319.2,6.42,0.252,45.33,7.95,1806.37,Winter,Southern Hemisphere,Rural,Satellite Station,Moderate Depletion
-48.7,1.014,20.34,246.48,557.89,326.42,7.77,0.499,41.95,40.1,1805.6,Spring,Southern Hemisphere,Industrial,Satellite Station,Moderate Depletion
-45.57,0.474,11.17,211.73,503.68,321.31,4.73,0.169,28.91,28.01,1926.05,Autumn,Southern Hemisphere,Rural,Satellite Station,Low Depletion
-55.71,0.05,12.01,234.25,444.62,316.99,5.26,0.355,35.72,68.56,1909.92,Spring,Southern Hemisphere,Rural,Satellite Station,Low Depletion
-51.49,0.439,9.26,210.23,510.57,328.85,3.52,0.31,26.09,16.75,1890.1,Autumn,Northern Hemisphere,Polar,Ground Based Station,Low Depletion
-58.41,1.044,38.78,NaN,554.8,336.04,7.85,0.645,73.46,59.43,1805.75,Spring,Northern Hemisphere,Urban,Satellite Station,Severe Depletion
-57.39,0.212,16.52,204.19,484.79,323.7,6.47,0.243,36.37,25.59,1879.73,Summer,Northern Hemisphere,Rural,Satellite Station,Low Depletion
-46.79,0.315,12.55,206.76,507.02,322.85,4.42,0.313,22.04,10.41,1909.04,Summer,Northern Hemisphere,Rural,Weather Balloon Station,Low Depletion
-49.43,0.342,12.53,206.22,473.63,318.12,6.14,0.087,34.6,13.59,1756.07,Winter,Northern Hemisphere,Rural,Ground Based Station,Low Depletion
-56.4,0.69,19.42,226.62,512.72,327.92,7.79,0.414,54.06,23.85,1914.22,Winter,Northern Hemisphere,Industrial,Satellite Station,Moderate Depletion
-66.49,0.608,18.52,244.19,529.05,319.86,5.93,0.365,34.98,87.37,1899.79,Winter,Southern Hemisphere,Industrial,Satellite Station,Moderate Depletion
-57.26,0.526,20.49,227.93,502.42,331.75,5.58,0.289,33.67,28.24,1854.06,Spring,Southern Hemisphere,Urban,Weather Balloon Station,Moderate Depletion
-55.01,0.508,19.15,239.96,482.36,317.78,6.42,0.274,27.75,51.49,1895.37,Winter,Southern Hemisphere,Industrial,Weather Balloon Station,Moderate Depletion
-52.65,0.733,14.99,221.12,509.58,330.85,5.27,0.262,25.5,35.82,1839.35,Winter,Northern Hemisphere,Polar,Satellite Station,Moderate Depletion
-49.74,0.693,18.93,243.66,527.06,326.95,4.74,0.446,32.49,31.93,1854.7,Spring,Southern Hemisphere,Industrial,Ground Based Station,Moderate Depletion
-62.16,1.31,24.16,266.52,570.18,323.2,7.23,0.738,45.9,90.0,1776.21,Summer,Southern Hemisphere,Rural,Weather Balloon Station,Severe Depletion
-55.98,0.638,19.68,NaN,512.14,313.26,8.06,0.294,39.49,81.13,1842.2,Spring,Northern Hemisphere,Rural,Ground Based Station,Moderate Depletion
-49.19,0.666,24.11,249.06,514.82,315.95,5.58,0.417,24.34,19.32,1833.87,Autumn,Southern Hemisphere,Polar,Ground Based Station,Moderate Depletion
-53.04,0.442,14.54,209.21,476.63,318.83,4.56,0.165,32.93,24.89,1927.29,Autumn,Southern Hemisphere,Rural,Ground Based Station,Low Depletion
-52.17,0.67,18.31,219.01,534.6,316.52,5.75,0.542,60.41,67.17,1829.07,Winter,Northern Hemisphere,Polar,Satellite Station,Moderate Depletion
-58.39,0.669,17.1,228.53,527.3,328.74,5.28,0.271,37.03,52.12,1831.77,Winter,Northern Hemisphere,Urban,Satellite Station,Moderate Depletion
-50.59,0.539,17.33,204.99,505.06,323.15,6.21,0.248,17.89,39.55,1916.04,Autumn,Southern Hemisphere,Rural,Ground Based Station,Low Depletion
-52.16,0.302,16.72,213.03,489.72,341.59,6.65,0.016,24.86,33.97,1798.85,Summer,Northern Hemisphere,Rural,Ground Based Station,Low Depletion
-42.03,0.497,7.54,209.84,489.13,331.8,4.03,0.371,33.36,7.16,1912.04,Summer,Southern Hemisphere,Rural,Ground Based Station,Low Depletion
-56.68,0.585,21.85,249.18,528.47,326.96,6.09,0.319,43.16,60.45,1822.89,Winter,Southern Hemisphere,Industrial,Ground Based Station,Moderate Depletion
-58.29,1.336,27.99,261.92,530.34,325.4,8.88,0.754,54.43,90.0,1853.98,Spring,Southern Hemisphere,Rural,Satellite Station,Severe Depletion
-49.95,0.643,17.99,227.09,471.32,326.41,4.59,0.119,26.75,31.14,1866.45,Autumn,Northern Hemisphere,Urban,Satellite Station,Low Depletion
-52.4,0.428,11.77,196.67,476.62,327.07,4.3,0.253,20.05,29.57,1825.8,Summer,Southern Hemisphere,Rural,Ground Based Station,Low Depletion
-52.08,0.434,8.94,202.45,500.46,323.88,4.32,0.179,42.7,24.64,1912.46,Summer,Northern Hemisphere,Urban,Satellite Station,Low Depletion
-52.77,0.666,18.29,246.97,535.05,334.5,8.68,0.248,18.74,50.81,1822.87,Autumn,Southern Hemisphere,Rural,Ground Based Station,Moderate Depletion
-58.96,0.335,13.41,218.82,453.18,337.33,4.94,0.25,22.12,70.63,1915.28,Spring,Southern Hemisphere,Industrial,Satellite Station,Low Depletion
-47.9,0.469,14.45,188.96,436.11,322.6,1.47,0.0,30.66,59.95,1865.36,Summer,Southern Hemisphere,Polar,Ground Based Station,Low Depletion
-49.73,0.734,12.74,223.71,509.11,335.22,3.74,0.465,19.58,32.27,1888.7,Autumn,Southern Hemisphere,Urban,Ground Based Station,Moderate Depletion
-50.43,0.382,10.99,222.11,454.52,328.02,5.73,0.207,18.44,19.58,1866.52,Autumn,Southern Hemisphere,Urban,Ground Based Station,Low Depletion
-51.11,0.39,14.76,215.42,465.22,309.17,3.71,0.193,21.33,38.15,1851.99,Autumn,Southern Hemisphere,Urban,Ground Based Station,Low Depletion
-48.8,0.648,17.38,218.49,468.52,326.69,4.94,0.0,43.58,15.31,1844.09,Winter,Southern Hemisphere,Rural,Ground Based Station,Low Depletion
-59.88,1.09,25.43,259.22,NaN,322.82,10.37,0.495,55.69,20.19,1789.91,Spring,Southern Hemisphere,Polar,Ground Based Station,Severe Depletion
-56.4,0.853,16.52,234.4,510.86,320.7,6.59,0.287,49.57,56.73,1942.83,Spring,Southern Hemisphere,Industrial,Satellite Station,Moderate Depletion
-61.69,1.067,28.3,246.77,573.16,333.54,8.87,0.808,48.71,79.52,1842.41,Autumn,Southern Hemisphere,Urban,Satellite Station,Severe Depletion
-57.14,0.741,17.59,242.6,507.17,320.98,8.03,0.403,49.48,66.37,1841.86,Spring,Southern Hemisphere,Urban,Ground Based Station,Moderate Depletion
-48.44,0.242,16.11,213.52,462.51,324.06,3.02,0.06,30.81,35.04,1883.08,Spring,Southern Hemisphere,Rural,Ground Based Station,Low Depletion
-51.05,0.306,14.46,211.58,487.33,317.47,3.83,0.081,36.51,33.54,1899.36,Spring,Northern Hemisphere,Rural,Ground Based Station,Low Depletion
-45.43,0.161,11.88,226.88,462.61,327.35,4.34,0.243,27.05,36.54,1833.46,Autumn,Northern Hemisphere,Industrial,Satellite Station,Low Depletion
-67.22,1.238,21.43,264.31,563.48,336.04,6.73,0.768,36.24,75.12,1784.69,Spring,Southern Hemisphere,Rural,Weather Balloon Station,Severe Depletion
-50.0,0.177,15.54,201.97,484.05,326.11,5.15,0.123,18.43,16.17,1753.64,Autumn,Southern Hemisphere,Urban,Satellite Station,Low Depletion
-50.06,0.394,16.79,196.46,465.19,313.59,6.09,0.017,50.04,59.3,1934.76,Winter,Northern Hemisphere,Polar,Ground Based Station,Low Depletion
-51.1,0.268,11.97,214.59,432.31,327.22,4.39,0.348,15.08,46.39,1851.29,Winter,Northern Hemisphere,Urban,Ground Based Station,Low Depletion
-60.75,0.718,20.05,255.71,474.41,327.16,5.69,0.369,32.9,58.96,1898.02,Spring,Southern Hemisphere,Rural,Satellite Station,Moderate Depletion
-53.78,0.347,17.73,219.27,450.56,325.68,6.42,0.158,38.17,65.31,1836.27,Spring,Southern Hemisphere,Industrial,Ground Based Station,Low Depletion
-53.34,0.605,16.26,206.85,464.35,318.44,7.02,0.039,29.32,41.21,1914.09,Winter,Northern Hemisphere,Urban,Weather Balloon Station,Low Depletion
-56.25,0.187,12.57,222.65,495.21,317.13,5.93,0.175,27.83,19.25,1895.4,Autumn,Southern Hemisphere,Urban,Ground Based Station,Low Depletion
-57.17,0.953,29.63,276.68,566.99,336.11,8.45,NaN,60.02,79.67,1781.13,Spring,Southern Hemisphere,Polar,Satellite Station,Severe Depletion
-51.0,0.569,14.58,236.17,490.47,324.92,7.97,0.269,49.52,46.8,1778.77,Winter,Northern Hemisphere,Polar,Satellite Station,Moderate Depletion
-53.17,0.448,15.1,215.81,493.19,327.09,5.08,0.104,31.28,30.93,1901.53,Autumn,Northern Hemisphere,Polar,Ground Based Station,Low Depletion
-51.27,0.411,12.06,223.16,474.5,314.0,7.13,0.091,33.09,37.45,1886.69,Autumn,Northern Hemisphere,Industrial,Weather Balloon Station,Low Depletion
-54.24,0.658,23.29,224.58,509.64,322.96,7.18,0.105,31.18,12.11,1856.99,Autumn,Southern Hemisphere,Industrial,Weather Balloon Station,Moderate Depletion
-52.4,0.64,20.92,227.84,511.66,326.01,7.86,0.156,36.55,90.0,1872.52,Winter,Southern Hemisphere,Industrial,Ground Based Station,Moderate Depletion
-50.87,0.464,18.83,197.68,454.64,312.47,4.52,0.354,29.82,59.23,1862.82,Winter,Southern Hemisphere,Rural,Ground Based Station,Low Depletion
-57.79,0.28,12.33,225.65,510.69,323.62,5.1,0.133,30.22,48.14,1828.36,Spring,Northern Hemisphere,Industrial,Ground Based Station,Low Depletion
-47.41,0.408,18.99,203.19,NaN,324.47,5.6,0.088,15.91,90.0,1893.45,Autumn,Northern Hemisphere,Urban,Weather Balloon Station,Low Depletion
-54.22,0.368,16.72,235.23,493.28,318.99,6.83,0.366,35.88,76.97,1863.68,Winter,Northern Hemisphere,Rural,Weather Balloon Station,Moderate Depletion
-61.38,0.556,23.78,227.35,560.02,330.92,5.01,0.371,33.32,25.73,1900.8,Spring,Northern Hemisphere,Polar,Satellite Station,Moderate Depletion
-49.97,0.351,8.61,221.99,455.61,327.29,9.03,0.256,35.31,53.32,1893.93,Summer,Southern Hemisphere,Urban,Satellite Station,Low Depletion
-57.42,1.1,28.46,232.55,575.97,328.07,10.43,0.71,50.97,90.0,1776.34,Winter,Northern Hemisphere,Industrial,Satellite Station,Severe Depletion
-59.78,0.702,17.64,236.29,503.47,329.18,5.79,0.179,31.15,74.48,1835.29,Autumn,Southern Hemisphere,Rural,Satellite Station,Moderate Depletion
-50.82,0.511,20.37,224.32,519.51,317.0,6.07,0.294,34.13,58.95,1854.7,Spring,Northern Hemisphere,Polar,Ground Based Station,Moderate Depletion
-56.72,0.571,20.28,221.92,499.8,319.42,6.38,0.424,33.24,54.28,1786.93,Winter,Northern Hemisphere,Polar,Ground Based Station,Moderate Depletion
-49.54,0.673,20.31,241.85,528.51,323.85,4.52,0.308,33.42,56.14,1843.31,Winter,Northern Hemisphere,Urban,Ground Based Station,Moderate Depletion
-51.44,0.421,19.49,217.02,505.84,326.47,6.31,0.062,38.09,65.82,1826.27,Spring,Southern Hemisphere,Urban,Ground Based Station,Low Depletion
-52.11,0.27,13.42,208.69,507.26,321.52,6.87,0.207,26.77,14.69,1856.87,Winter,Southern Hemisphere,Rural,Ground Based Station,Low Depletion
-55.09,0.448,19.7,222.16,489.09,324.18,4.46,0.26,34.83,41.23,1851.85,Autumn,Southern Hemisphere,Industrial,Ground Based Station,Moderate Depletion
-51.04,0.34,14.62,228.8,514.09,316.41,3.52,0.061,23.74,53.31,1802.49,Summer,Northern Hemisphere,Rural,Ground Based Station,Low Depletion
-58.27,0.556,19.86,239.56,522.08,332.55,4.53,0.251,44.23,68.93,1830.02,Winter,Northern Hemisphere,Urban,Weather Balloon Station,Moderate Depletion
-64.07,1.143,26.18,247.92,567.39,334.92,8.63,NaN,62.44,67.92,1784.97,Winter,Southern Hemisphere,Polar,Satellite Station,Severe Depletion
-44.48,0.425,13.63,233.34,436.17,318.22,5.82,0.285,31.77,18.08,1949.03,Summer,Southern Hemisphere,Polar,Satellite Station,Low Depletion
-67.28,1.306,26.01,257.98,562.35,341.72,7.38,0.714,56.34,87.38,1779.38,Spring,Northern Hemisphere,Polar,Satellite Station,Severe Depletion
-47.66,0.351,16.75,176.95,455.7,330.18,3.08,0.112,27.0,20.83,1847.17,Autumn,Northern Hemisphere,Industrial,Ground Based Station,Low Depletion
-51.49,0.677,19.28,228.42,511.39,326.25,8.81,0.265,31.86,14.48,1837.85,NaN,Southern Hemisphere,Rural,Weather Balloon Station,Moderate Depletion
-53.04,0.534,15.14,230.91,516.84,329.03,4.48,0.298,46.27,82.33,1859.85,Summer,Southern Hemisphere,Urban,Ground Based Station,Moderate Depletion
-63.67,1.312,27.14,274.26,NaN,329.77,7.62,0.819,61.92,90.0,1756.15,Spring,Southern Hemisphere,Polar,Weather Balloon Station,Severe Depletion
-45.35,0.317,17.64,193.15,504.48,312.49,5.75,0.082,37.83,36.38,1886.02,Summer,Southern Hemisphere,Industrial,Ground Based Station,Low Depletion
-55.28,0.648,17.63,237.17,468.19,315.52,4.98,0.294,44.79,18.7,1775.32,Autumn,NaN,Industrial,Ground Based Station,Moderate Depletion
-62.47,1.07,24.25,276.03,500.22,328.44,9.48,0.486,58.81,81.43,1757.29,Summer,Southern Hemisphere,Industrial,Satellite Station,Severe Depletion
-50.93,0.05,16.45,210.41,506.41,318.11,2.44,0.092,27.32,37.29,1878.84,Spring,Southern Hemisphere,Industrial,Ground Based Station,Low Depletion
-52.35,0.054,11.79,207.67,458.88,321.9,5.09,0.0,30.69,17.12,1882.7,Spring,Northern Hemisphere,Rural,Ground Based Station,Low Depletion
-51.74,0.447,23.04,208.23,497.66,310.29,4.59,0.292,29.7,70.55,1858.91,Spring,Northern Hemisphere,Industrial,Weather Balloon Station,Moderate Depletion
-49.41,0.426,12.05,180.93,490.77,317.66,3.62,0.229,18.2,24.17,1914.62,Autumn,Northern Hemisphere,Rural,Satellite Station,Low Depletion
-46.69,0.256,15.65,212.06,488.61,326.8,5.52,0.378,41.02,81.34,1827.8,Spring,Southern Hemisphere,Industrial,Satellite Station,Moderate Depletion
-44.46,0.413,14.41,198.35,502.37,320.96,6.02,0.118,18.11,23.74,1886.6,Winter,Southern Hemisphere,Urban,Satellite Station,Low Depletion
-62.21,0.693,17.98,235.57,517.51,319.77,6.45,0.244,42.8,19.5,1866.54,Winter,Southern Hemisphere,Polar,Ground Based Station,Moderate Depletion
-52.12,0.559,18.7,239.18,511.82,329.03,6.08,0.283,35.93,50.29,1801.79,Spring,Southern Hemisphere,Polar,Satellite Station,Moderate Depletion
-57.87,0.682,24.14,227.93,522.75,321.43,6.56,0.324,47.79,48.1,1818.27,Spring,Southern Hemisphere,Industrial,Weather Balloon Station,Moderate Depletion
-62.47,1.187,29.62,245.42,555.92,326.01,6.08,0.857,56.88,73.8,1795.31,Spring,Northern Hemisphere,Rural,Weather Balloon Station,Severe Depletion
-47.69,0.271,13.24,195.61,476.59,336.21,5.35,0.006,34.03,29.82,1866.01,Autumn,Southern Hemisphere,Rural,Satellite Station,Low Depletion
-50.16,0.073,10.27,221.18,466.01,311.35,6.34,0.19,28.8,-14.82,1819.77,Spring,Southern Hemisphere,Polar,Ground Based Station,Low Depletion
-53.71,0.531,16.66,190.91,500.74,317.63,7.27,0.264,18.45,13.43,1832.67,Summer,Southern Hemisphere,Rural,Ground Based Station,Low Depletion
-61.37,0.628,14.39,206.36,473.07,309.72,7.2,0.311,27.92,43.31,1831.16,Spring,Northern Hemisphere,Polar,Ground Based Station,Moderate Depletion
-63.22,0.916,29.61,273.06,576.93,324.2,7.56,0.761,49.34,60.89,1778.72,Spring,Southern Hemisphere,Polar,Satellite Station,Severe Depletion
-61.25,0.729,19.67,252.43,515.46,327.31,7.71,0.345,59.56,40.41,1867.8,Autumn,Northern Hemisphere,Urban,Satellite Station,Moderate Depletion
-49.85,0.507,13.18,231.44,480.68,316.18,4.29,0.179,32.92,56.13,1882.37,Winter,Northern Hemisphere,Urban,Satellite Station,Low Depletion
-49.81,0.444,16.02,215.43,506.68,327.22,4.75,0.23,32.69,22.98,1807.66,Winter,Southern Hemisphere,Rural,Weather Balloon Station,Low Depletion
-48.88,0.556,21.74,243.18,499.22,333.91,9.83,0.278,52.11,34.5,1858.97,Spring,Northern Hemisphere,Rural,Satellite Station,Moderate Depletion
-59.0,0.727,21.19,227.3,523.88,318.48,5.06,0.202,36.86,67.04,1878.71,Summer,Southern Hemisphere,Urban,Weather Balloon Station,Moderate Depletion
-63.94,1.024,27.69,251.55,528.28,335.8,8.72,0.625,70.87,72.04,1838.78,NaN,Southern Hemisphere,Polar,Ground Based Station,Severe Depletion
-53.49,0.557,19.64,240.55,514.77,327.0,4.94,0.314,35.0,45.31,1824.88,Summer,Southern Hemisphere,Industrial,Satellite Station,Moderate Depletion
-57.24,0.22,18.65,246.52,501.03,330.03,6.33,0.209,24.49,33.31,1814.15,Winter,Northern Hemisphere,Urban,Weather Balloon Station,Moderate Depletion
-57.89,1.186,30.54,253.49,569.06,337.36,10.57,0.951,50.32,90.0,1817.15,Spring,Southern Hemisphere,Polar,Ground Based Station,Severe Depletion
-61.48,1.33,23.05,272.11,534.28,338.57,6.9,0.655,59.78,90.0,1796.76,Autumn,Southern Hemisphere,Polar,Weather Balloon Station,Severe Depletion
-44.58,0.222,8.35,204.23,449.94,325.04,5.6,0.263,25.95,77.35,1863.65,Autumn,Southern Hemisphere,Urban,Ground Based Station,Low Depletion
-52.06,0.359,19.88,241.0,508.8,329.17,7.06,0.351,36.96,36.81,1845.73,NaN,Southern Hemisphere,Industrial,Satellite Station,Moderate Depletion
-52.26,0.457,15.22,206.18,482.99,318.1,5.03,0.132,35.7,38.32,1846.95,Summer,Southern Hemisphere,Urban,Ground Based Station,Low Depletion
-59.06,0.365,22.18,243.38,523.09,331.57,5.53,0.434,26.93,60.31,1854.09,Spring,Northern Hemisphere,Rural,Weather Balloon Station,Moderate Depletion
-59.16,0.846,20.08,237.92,514.03,332.38,5.83,0.102,34.57,39.07,1770.01,Winter,Northern Hemisphere,Rural,Satellite Station,Moderate Depletion
-63.71,1.07,28.06,268.73,536.21,335.11,7.81,0.803,49.37,65.27,1820.41,Winter,Southern Hemisphere,Polar,Satellite Station,Severe Depletion
-46.89,0.405,15.99,203.69,472.53,329.36,4.24,0.033,31.6,34.17,1896.95,Summer,Northern Hemisphere,Polar,Satellite Station,Low Depletion
-56.88,1.147,29.23,275.05,560.97,325.43,9.35,0.815,46.08,44.43,1809.73,Autumn,Northern Hemisphere,Polar,Weather Balloon Station,Severe Depletion
-54.87,0.734,21.58,236.75,483.39,331.06,6.83,0.241,48.27,86.23,1869.21,Winter,Northern Hemisphere,Rural,Satellite Station,Moderate Depletion
-54.8,0.386,14.81,195.66,508.28,323.49,3.94,0.279,28.76,55.94,1864.61,Winter,Southern Hemisphere,Urban,Ground Based Station,Low Depletion
-48.2,0.583,13.89,198.62,467.44,340.61,5.05,0.298,39.23,26.75,1825.98,Spring,Northern Hemisphere,Polar,Weather Balloon Station,Low Depletion
-70.7,1.242,24.46,282.37,557.32,333.74,9.7,0.772,52.49,56.98,1771.48,Autumn,Northern Hemisphere,Polar,Satellite Station,Severe Depletion
-58.01,0.755,19.42,242.02,466.44,330.53,7.3,0.175,46.08,61.58,1833.79,Winter,Southern Hemisphere,Industrial,Satellite Station,Moderate Depletion
-56.48,0.629,17.81,232.16,501.52,329.59,7.12,0.201,49.52,21.21,1877.61,Autumn,Southern Hemisphere,Industrial,Weather Balloon Station,Moderate Depletion
-57.13,0.38,19.9,213.26,448.89,325.72,6.22,0.071,44.9,44.18,1877.93,Summer,Southern Hemisphere,Rural,Ground Based Station,Low Depletion
-51.28,0.321,17.94,218.34,484.37,328.78,5.18,0.0,29.05,6.61,1739.98,Summer,Northern Hemisphere,Rural,Satellite Station,Low Depletion
-51.89,0.526,13.29,235.03,459.45,322.09,5.31,0.189,20.23,12.65,1814.42,Winter,Northern Hemisphere,Rural,Ground Based Station,Low Depletion
-58.16,1.197,23.83,274.23,561.18,321.75,8.09,0.774,50.72,70.31,1806.67,Spring,Southern Hemisphere,Industrial,Weather Balloon Station,Severe Depletion
-55.87,0.256,17.2,252.82,485.74,334.95,4.47,0.143,29.01,45.52,1858.76,Summer,Southern Hemisphere,Industrial,Satellite Station,Low Depletion
-58.34,0.915,16.79,238.89,499.72,324.41,4.96,0.278,29.0,73.75,1870.68,Winter,Southern Hemisphere,Urban,Weather Balloon Station,Moderate Depletion
-51.85,0.62,15.57,205.63,459.36,329.43,5.17,0.036,25.63,39.91,1883.67,Autumn,Northern Hemisphere,Urban,Ground Based Station,Low Depletion
-50.24,0.251,9.36,209.05,471.43,322.1,5.16,0.25,14.7,46.31,1908.99,Spring,Southern Hemisphere,Rural,Ground Based Station,Low Depletion
-69.69,1.175,27.84,269.92,572.13,338.61,8.2,0.583,40.15,46.38,1840.63,Winter,Northern Hemisphere,Rural,Ground Based Station,Severe Depletion
-53.12,0.665,19.94,242.01,476.58,323.78,6.86,0.493,36.74,58.97,1896.85,Spring,Southern Hemisphere,Urban,Satellite Station,Moderate Depletion
-62.86,1.17,34.46,255.45,580.1,326.9,7.9,0.588,34.17,42.24,1839.55,Winter,Southern Hemisphere,Polar,Weather Balloon Station,Severe Depletion
-39.23,0.45,17.2,211.28,428.93,322.99,3.5,0.052,34.07,40.89,1876.26,Autumn,Northern Hemisphere,Industrial,Satellite Station,Low Depletion
-54.02,0.165,16.77,234.98,494.33,321.71,4.22,0.081,26.17,53.3,1853.45,Spring,Northern Hemisphere,Urban,Satellite Station,Low Depletion
-46.35,0.621,22.77,226.16,493.53,320.59,5.23,0.378,44.84,78.28,1817.12,Winter,Southern Hemisphere,Rural,NaN,Moderate Depletion
-50.93,0.401,15.62,191.61,440.48,331.86,3.71,0.159,33.84,39.35,1854.55,Spring,Northern Hemisphere,Rural,Satellite Station,Low Depletion
-51.33,0.573,15.69,224.84,505.99,315.62,7.18,0.3,35.84,64.74,1875.56,Spring,Northern Hemisphere,Rural,Satellite Station,Moderate Depletion
-49.05,0.216,17.88,224.5,480.63,322.87,5.24,0.0,34.7,81.0,1917.78,Spring,Southern Hemisphere,Rural,Ground Based Station,Low Depletion
-52.4,0.112,13.41,231.72,460.54,322.9,5.21,0.017,33.61,21.21,1925.12,Winter,Southern Hemisphere,Urban,Ground Based Station,Low Depletion
-61.49,1.149,28.43,254.05,524.62,325.78,9.06,0.723,39.53,90.0,1856.32,Spring,Southern Hemisphere,Industrial,Satellite Station,Severe Depletion
-57.38,0.33,18.17,221.32,459.06,325.8,4.61,0.138,27.72,33.23,1856.23,Summer,Northern Hemisphere,Industrial,Weather Balloon Station,Low Depletion
-58.71,0.988,26.53,269.33,538.04,322.98,8.98,0.908,61.01,87.89,1783.61,Spring,Southern Hemisphere,Polar,Satellite Station,Severe Depletion
-47.71,0.525,14.77,201.97,456.19,318.07,4.79,0.244,32.8,42.95,1899.4,Spring,Southern Hemisphere,Urban,Ground Based Station,Low Depletion
-44.24,0.565,14.05,212.62,490.48,316.52,6.55,0.241,22.03,13.46,1834.46,Summer,Northern Hemisphere,Rural,Ground Based Station,Low Depletion
-53.71,0.683,18.69,241.01,536.31,335.24,6.41,0.348,22.74,41.3,1819.79,Autumn,Southern Hemisphere,Urban,Weather Balloon Station,Moderate Depletion
-60.29,0.902,24.91,277.26,542.11,338.59,7.25,0.886,57.08,90.0,1770.76,Spring,Southern Hemisphere,Polar,Ground Based Station,Severe Depletion
-51.28,0.549,14.33,209.37,492.26,318.06,5.82,0.032,15.11,-6.69,1816.76,Spring,Northern Hemisphere,Urban,Ground Based Station,Low Depletion
-51.02,0.851,20.31,233.5,492.97,329.13,5.37,0.435,44.24,41.57,1860.2,Winter,Southern Hemisphere,Industrial,Satellite Station,Moderate Depletion
-50.65,0.251,15.45,223.44,462.48,319.73,6.1,0.228,34.2,17.99,1790.04,Winter,Northern Hemisphere,Industrial,Ground Based Station,Low Depletion
-52.11,0.244,15.99,202.52,513.78,324.68,5.53,0.118,33.29,7.12,1849.34,Spring,Southern Hemisphere,Rural,Ground Based Station,Low Depletion
-46.46,0.228,13.83,211.43,469.93,329.82,7.08,0.325,17.46,65.39,1824.18,Winter,Northern Hemisphere,Industrial,Satellite Station,Low Depletion
NaN,0.53,22.76,232.17,537.82,324.41,7.27,0.362,27.24,5.03,1807.95,Spring,Southern Hemisphere,Rural,Ground Based Station,Moderate Depletion
-63.61,0.813,18.14,242.27,528.21,324.11,6.28,0.109,46.92,34.98,1922.96,Spring,Southern Hemisphere,Urban,Ground Based Station,Moderate Depletion
-61.31,0.599,17.99,268.78,509.56,335.2,6.19,0.229,37.39,54.19,1821.48,Spring,Northern Hemisphere,Urban,Ground Based Station,Moderate Depletion
-54.91,0.276,14.32,230.72,489.18,333.45,5.11,0.185,26.76,42.18,1870.18,Winter,Northern Hemisphere,Rural,Ground Based Station,Low Depletion
-59.76,1.003,29.27,275.14,555.27,329.81,5.77,0.797,51.11,71.03,1784.22,Spring,Southern Hemisphere,Polar,Satellite Station,Severe Depletion
-45.72,0.702,22.51,227.82,480.59,331.46,NaN,0.546,33.75,52.37,1920.57,Autumn,Northern Hemisphere,Industrial,Satellite Station,Moderate Depletion
-56.73,1.035,29.3,255.4,543.61,321.61,7.01,0.581,43.64,67.74,1793.81,Winter,Southern Hemisphere,Industrial,Weather Balloon Station,Severe Depletion
-54.44,0.705,14.76,230.41,487.63,321.11,4.43,0.304,45.76,36.85,1870.02,Winter,Northern Hemisphere,Rural,Satellite Station,Low Depletion
-46.7,0.485,15.14,223.18,510.18,327.2,7.35,0.289,12.79,23.68,1839.65,Spring,Southern Hemisphere,Rural,Ground Based Station,Moderate Depletion
-50.64,1.235,25.71,262.25,573.77,331.2,7.23,0.587,55.15,44.45,1834.44,Spring,Southern Hemisphere,Industrial,Ground Based Station,Severe Depletion
-45.75,0.211,15.23,197.81,449.75,314.47,5.18,0.187,47.46,26.76,1905.29,Spring,Northern Hemisphere,Urban,Weather Balloon Station,Low Depletion
-54.19,0.975,23.23,259.03,557.22,335.82,9.07,0.745,57.16,59.14,1760.78,Spring,Southern Hemisphere,Industrial,Satellite Station,Severe Depletion
-60.29,0.635,17.88,226.04,499.42,320.78,7.09,0.148,43.76,21.84,1745.9,Winter,Southern Hemisphere,Industrial,Weather Balloon Station,Moderate Depletion
-52.03,0.479,18.97,243.03,520.33,324.83,7.16,0.17,29.43,58.67,1877.72,Autumn,Southern Hemisphere,Industrial,Ground Based Station,Moderate Depletion
-48.32,0.363,9.07,204.35,461.2,325.19,3.84,0.122,31.82,44.14,1868.34,Spring,Northern Hemisphere,Urban,Ground Based Station,Low Depletion
-57.76,0.459,14.81,237.38,505.25,332.57,7.18,0.294,39.49,40.68,1813.93,Spring,Southern Hemisphere,Rural,Ground Based Station,Moderate Depletion
-62.13,NaN,27.15,258.15,568.8,334.24,6.43,0.702,54.03,46.17,1794.83,Winter,Southern Hemisphere,Polar,Satellite Station,Severe Depletion
-48.99,0.263,18.27,201.11,467.43,315.91,3.71,0.251,37.81,24.36,1951.69,Summer,Northern Hemisphere,Urban,Satellite Station,Low Depletion
-59.99,0.189,16.75,207.92,457.56,323.52,4.72,0.266,17.7,41.1,1882.44,Autumn,Southern Hemisphere,Rural,Ground Based Station,Low Depletion
-55.89,0.769,20.33,236.23,494.58,334.12,6.54,0.122,18.21,72.13,1841.73,Summer,Southern Hemisphere,Urban,Ground Based Station,Moderate Depletion
-51.58,0.11,13.77,219.75,467.29,329.5,4.99,0.21,20.6,18.28,1868.58,Spring,Northern Hemisphere,Urban,Ground Based Station,Low Depletion
-48.01,0.364,18.58,225.34,487.19,319.08,3.96,0.192,32.84,24.4,1830.83,Spring,Southern Hemisphere,Polar,Weather Balloon Station,Low Depletion
-49.95,0.312,14.21,235.02,502.31,333.93,7.27,0.228,40.69,34.52,1893.3,Winter,Southern Hemisphere,Polar,Satellite Station,Moderate Depletion
-58.61,0.914,28.42,275.7,541.15,330.26,7.87,0.538,46.89,90.0,1773.48,Winter,Southern Hemisphere,Urban,Ground Based Station,Severe Depletion
-54.1,0.596,16.11,234.73,542.48,330.92,3.56,0.292,45.74,62.37,1851.56,Spring,Northern Hemisphere,Rural,Weather Balloon Station,Moderate Depletion
-53.49,0.488,13.25,229.16,462.87,329.72,4.71,0.0,20.78,39.57,1842.21,Spring,Northern Hemisphere,Industrial,Ground Based Station,Low Depletion
-48.99,0.724,19.38,230.38,533.01,327.84,7.14,0.129,33.73,35.0,1905.83,Summer,Northern Hemisphere,Polar,Ground Based Station,Moderate Depletion
-53.18,0.432,24.97,222.3,494.72,315.18,6.03,0.194,43.59,28.59,1861.09,Spring,Southern Hemisphere,Urban,Satellite Station,Moderate Depletion
-47.4,0.409,14.72,203.59,473.3,320.81,3.95,0.0,34.01,52.71,1803.44,Winter,Northern Hemisphere,Rural,Satellite Station,Low Depletion
-63.75,1.044,23.29,271.32,557.75,329.05,9.9,0.718,56.13,53.06,1778.89,Spring,Southern Hemisphere,Industrial,Ground Based Station,Severe Depletion
-50.91,0.837,15.54,229.81,525.89,335.48,5.41,0.123,47.39,0.46,1935.76,Autumn,Southern Hemisphere,Industrial,Ground Based Station,Moderate Depletion
-49.21,0.066,16.67,198.6,494.66,321.72,5.65,0.278,28.45,58.94,1918.38,Summer,Northern Hemisphere,Industrial,Ground Based Station,Low Depletion
-62.21,0.968,27.44,270.68,551.19,325.92,8.5,0.512,40.55,64.24,1787.3,Autumn,Southern Hemisphere,Polar,Satellite Station,Severe Depletion
-70.45,1.227,30.78,264.9,577.5,318.96,10.24,0.69,54.03,81.72,1795.5,Winter,Southern Hemisphere,Rural,Satellite Station,Severe Depletion
-59.97,0.132,16.92,217.51,470.66,338.83,6.07,0.0,25.65,45.56,1840.62,Winter,Southern Hemisphere,Rural,Ground Based Station,Low Depletion
-55.02,0.517,18.95,236.58,479.71,331.99,5.55,0.055,21.86,-19.45,1831.56,Autumn,Northern Hemisphere,Industrial,Ground Based Station,Low Depletion
-57.32,0.419,19.51,217.44,488.32,319.3,3.53,0.244,5.0,41.28,1845.82,Spring,Northern Hemisphere,Rural,Ground Based Station,Low Depletion
-49.97,0.151,13.4,188.38,456.42,321.63,4.5,0.099,27.5,35.19,1908.67,Summer,Southern Hemisphere,Industrial,Satellite Station,Low Depletion
-52.7,0.418,18.91,211.97,478.4,324.69,2.73,0.169,30.64,66.58,1833.45,Spring,Northern Hemisphere,Rural,Weather Balloon Station,Low Depletion
-55.53,0.547,20.27,246.46,494.53,334.77,5.43,0.441,24.55,46.35,1890.06,Summer,Northern Hemisphere,Polar,Satellite Station,Moderate Depletion
-56.25,1.147,24.45,272.98,525.12,330.86,9.58,0.733,62.92,58.0,1815.28,Spring,Southern Hemisphere,Polar,Satellite Station,Severe Depletion
-57.63,0.61,17.79,246.31,516.23,317.4,7.94,0.296,44.4,12.61,1836.58,Winter,Southern Hemisphere,Urban,Ground Based Station,Moderate Depletion
-53.61,0.511,15.8,180.03,494.14,320.64,4.3,0.033,15.93,12.7,1882.19,Winter,Southern Hemisphere,Industrial,Weather Balloon Station,Low Depletion
-54.75,0.784,15.33,244.41,517.82,316.74,7.94,0.363,40.69,5.65,1863.57,Winter,Northern Hemisphere,Rural,Ground Based Station,Moderate Depletion
-68.87,1.177,30.19,251.41,568.12,333.06,9.15,0.697,53.23,85.14,1780.2,Winter,Southern Hemisphere,Polar,Ground Based Station,Severe Depletion
-53.79,0.561,12.5,206.99,486.56,325.24,6.12,0.116,31.85,61.0,1845.45,Autumn,Northern Hemisphere,Industrial,Satellite Station,Low Depletion
-54.45,0.425,10.9,195.07,469.75,327.15,4.76,0.053,43.91,18.57,1884.18,Autumn,Northern Hemisphere,Urban,Satellite Station,Low Depletion
-56.27,0.401,14.52,215.41,508.24,324.99,5.42,0.126,25.03,14.99,1953.12,Spring,Northern Hemisphere,Rural,Ground Based Station,Low Depletion
-59.43,1.122,20.61,261.11,536.9,320.73,8.22,0.611,60.48,35.18,1820.12,Autumn,Southern Hemisphere,Polar,Satellite Station,Severe Depletion
-61.14,0.933,27.86,262.34,515.85,336.94,6.82,0.741,44.54,83.66,1808.15,Spring,Southern Hemisphere,Industrial,Satellite Station,Severe Depletion
-53.55,0.101,14.08,206.26,446.31,319.4,6.04,0.048,42.72,34.4,1933.87,Spring,Southern Hemisphere,Urban,Satellite Station,Low Depletion
-61.1,1.304,25.77,242.78,551.28,344.95,7.83,0.519,42.64,90.0,1825.53,Spring,Southern Hemisphere,Industrial,Ground Based Station,Severe Depletion
-55.55,0.149,18.46,198.27,470.35,321.54,7.1,0.371,31.21,73.01,1823.85,Autumn,Southern Hemisphere,Urban,Ground Based Station,Low Depletion
-57.26,0.615,17.82,225.73,482.0,339.39,4.74,0.272,36.47,11.78,1871.39,Summer,Northern Hemisphere,Rural,Ground Based Station,Moderate Depletion
-58.85,1.399,30.3,249.31,549.85,318.32,9.05,0.783,62.95,79.77,1755.29,Spring,Southern Hemisphere,Polar,Satellite Station,Severe Depletion
-66.94,0.966,29.44,243.48,550.04,334.1,8.71,0.715,53.66,79.11,1781.44,Spring,Northern Hemisphere,Polar,Satellite Station,Severe Depletion
-60.77,1.166,27.59,264.76,559.47,337.4,9.26,0.499,48.51,80.04,1810.22,Spring,Southern Hemisphere,Polar,Satellite Station,Severe Depletion
-55.96,0.334,22.62,241.18,514.8,326.82,4.7,0.158,40.38,67.36,1817.28,Winter,Southern Hemisphere,Industrial,Ground Based Station,Moderate Depletion
-52.67,0.384,21.82,208.36,493.76,323.81,4.26,0.121,45.43,40.02,1807.82,Summer,Southern Hemisphere,Industrial,Satellite Station,Low Depletion
-55.96,0.495,22.09,242.83,559.95,327.45,7.2,0.412,39.87,65.59,1780.47,Autumn,Southern Hemisphere,Rural,Satellite Station,Moderate Depletion
-53.31,0.741,20.11,220.36,NaN,318.13,5.87,0.186,52.97,26.19,1834.93,Spring,Southern Hemisphere,Polar,Weather Balloon Station,Moderate Depletion
-55.88,1.205,29.29,256.2,574.05,338.73,9.09,0.796,77.02,60.72,1769.92,Spring,Northern Hemisphere,Industrial,Satellite Station,Severe Depletion
-55.74,0.644,13.13,214.03,471.04,320.01,6.76,0.136,22.49,47.78,1932.36,Summer,Northern Hemisphere,Industrial,Weather Balloon Station,Low Depletion
-62.47,0.562,13.76,223.77,515.18,324.16,5.74,0.348,35.5,21.76,1789.22,Summer,Northern Hemisphere,Urban,Weather Balloon Station,Moderate Depletion
-47.82,0.809,16.27,249.3,489.71,320.12,5.22,0.265,34.67,49.58,1767.02,Spring,Northern Hemisphere,Industrial,Satellite Station,Moderate Depletion
-47.24,0.271,18.69,227.3,468.77,322.01,3.71,0.017,34.45,15.64,1876.21,Spring,Northern Hemisphere,Rural,Satellite Station,Low Depletion
-58.91,1.109,30.6,291.04,553.84,331.5,10.96,0.461,54.89,90.0,1817.19,Winter,Northern Hemisphere,Rural,Satellite Station,Severe Depletion
-55.91,0.655,16.1,240.96,525.07,323.79,6.51,0.251,47.54,12.16,1796.09,Autumn,Northern Hemisphere,Urban,Satellite Station,Moderate Depletion
-63.31,1.282,25.22,269.85,544.21,317.54,10.07,NaN,31.39,88.89,1824.38,Spring,Southern Hemisphere,Polar,Ground Based Station,Severe Depletion
-47.21,0.511,14.73,218.88,510.31,323.23,5.94,0.142,34.12,45.48,1926.48,Summer,Northern Hemisphere,Rural,Ground Based Station,Low Depletion
-53.52,0.366,15.04,192.9,477.96,321.7,5.63,0.171,37.82,68.71,1866.37,Autumn,Southern Hemisphere,Industrial,Ground Based Station,Low Depletion
-49.04,0.546,20.72,237.39,533.87,324.27,7.97,0.371,46.72,46.99,1889.02,Winter,Northern Hemisphere,Industrial,Ground Based Station,Moderate Depletion
-48.64,0.433,14.57,204.73,445.39,325.31,4.8,0.188,20.75,36.32,1871.1,Summer,Northern Hemisphere,Urban,Ground Based Station,Low Depletion
-45.99,0.459,14.63,221.64,475.58,318.22,3.12,0.172,23.22,27.57,1941.61,Summer,Southern Hemisphere,Rural,Satellite Station,Low Depletion
-51.58,0.302,11.05,209.19,471.71,320.71,4.6,0.176,36.31,47.8,1827.57,Winter,Northern Hemisphere,Urban,Satellite Station,Low Depletion
-50.13,0.743,11.19,206.01,460.4,323.95,3.92,0.136,34.05,12.74,1851.35,Spring,Southern Hemisphere,Urban,Weather Balloon Station,Low Depletion
-52.39,0.378,13.5,218.68,442.94,315.74,3.64,0.303,24.67,45.99,1912.34,Spring,Southern Hemisphere,Rural,Ground Based Station,Low Depletion
-58.99,0.393,21.06,233.79,550.72,316.52,6.31,0.308,44.71,57.09,1853.94,Winter,Southern Hemisphere,Urban,Weather Balloon Station,Moderate Depletion
-54.73,0.534,14.37,248.15,493.78,322.45,4.37,0.365,29.37,68.62,1945.33,Winter,Southern Hemisphere,Rural,Satellite Station,Moderate Depletion
-52.44,0.468,15.27,231.16,572.26,318.7,5.67,0.216,53.88,35.89,1892.17,Spring,Southern Hemisphere,Industrial,Satellite Station,Moderate Depletion
-49.76,0.362,13.54,220.57,535.1,322.17,5.62,0.169,17.96,4.05,1938.21,Summer,Northern Hemisphere,Urban,Ground Based Station,Low Depletion
-48.94,0.503,11.67,219.93,470.16,325.35,5.69,0.106,23.72,27.25,1933.08,Winter,Northern Hemisphere,Industrial,Weather Balloon Station,Low Depletion
-53.46,0.316,16.28,230.06,498.52,330.82,3.44,0.09,32.92,35.27,1865.73,Spring,Northern Hemisphere,Rural,Satellite Station,Low Depletion
-55.9,0.585,15.12,214.54,517.97,321.26,3.75,0.063,19.25,23.91,1871.06,Summer,Southern Hemisphere,Urban,Ground Based Station,Low Depletion
-46.95,0.376,18.78,238.89,512.06,316.46,4.73,0.457,35.82,71.79,1866.01,Autumn,Southern Hemisphere,Rural,Ground Based Station,Moderate Depletion
-56.1,0.316,18.84,219.18,455.21,306.78,1.95,0.087,27.99,3.8,1908.76,Winter,Northern Hemisphere,Industrial,Satellite Station,Low Depletion
-55.76,0.186,14.99,207.85,469.64,319.9,6.21,0.134,22.03,37.77,NaN,Summer,Northern Hemisphere,Polar,Weather Balloon Station,Low Depletion
-62.81,0.976,22.88,269.55,571.84,328.45,5.81,0.669,62.91,90.0,1799.99,Winter,Southern Hemisphere,Polar,Weather Balloon Station,Severe Depletion
-58.4,0.414,22.07,248.95,495.04,329.59,4.92,0.19,40.59,33.09,1784.6,Autumn,Southern Hemisphere,Industrial,Ground Based Station,Moderate Depletion
-52.07,0.097,15.88,196.61,466.37,318.1,4.44,0.092,35.67,12.81,1821.45,Winter,Northern Hemisphere,Urban,Ground Based Station,Low Depletion
-50.28,0.514,15.21,212.74,503.35,332.57,5.6,0.123,41.49,18.16,1897.22,Winter,Southern Hemisphere,Urban,Ground Based Station,Low Depletion
-51.18,0.787,18.82,238.19,459.36,328.95,5.37,0.216,45.27,12.35,1830.93,Summer,Northern Hemisphere,Industrial,Weather Balloon Station,Moderate Depletion
-51.96,0.395,19.23,214.93,533.25,330.41,7.71,0.377,39.68,32.79,1899.79,Spring,Southern Hemisphere,Industrial,Ground Based Station,Moderate Depletion
-55.93,0.136,11.41,243.19,472.62,325.5,2.32,0.206,12.91,9.46,1915.13,Winter,Northern Hemisphere,Industrial,Ground Based Station,Low Depletion
-49.17,0.529,8.54,228.91,500.54,328.52,7.16,0.231,21.57,55.84,1862.67,Summer,Southern Hemisphere,Urban,Ground Based Station,Low Depletion
-57.09,0.812,18.81,240.85,525.96,326.21,6.29,0.278,41.36,37.99,1856.24,Summer,Northern Hemisphere,Rural,Weather Balloon Station,Moderate Depletion
-46.21,0.592,20.22,204.72,493.19,324.31,3.8,0.166,30.85,42.7,1870.99,Summer,Northern Hemisphere,Urban,Satellite Station,Low Depletion
-56.08,0.739,15.1,242.86,525.5,334.41,6.04,0.416,34.64,77.27,1800.36,Winter,Southern Hemisphere,Polar,Weather Balloon Station,Moderate Depletion
-50.41,0.818,21.68,233.73,506.92,324.65,6.77,0.458,31.52,12.21,1881.31,Spring,Southern Hemisphere,Urban,Satellite Station,Moderate Depletion
-51.86,0.454,19.79,251.35,486.04,320.01,4.72,0.207,34.93,41.08,1751.3,Summer,Southern Hemisphere,Polar,Ground Based Station,Moderate Depletion
-61.38,0.83,29.06,247.01,529.56,328.59,9.78,0.666,51.47,88.09,1762.99,Winter,Southern Hemisphere,Polar,Ground Based Station,Severe Depletion
-56.91,0.676,16.5,211.38,523.05,323.83,7.13,0.472,37.7,69.53,1844.52,Spring,Northern Hemisphere,Polar,Satellite Station,Moderate Depletion
-46.73,0.174,13.92,232.78,478.9,328.0,6.45,0.381,29.48,63.09,1839.73,Winter,Northern Hemisphere,Urban,Satellite Station,Low Depletion
-49.73,0.359,18.72,235.27,541.97,325.65,6.65,0.271,41.42,68.44,1853.27,Autumn,Southern Hemisphere,Urban,Weather Balloon Station,Moderate Depletion
-56.06,1.088,28.94,276.15,569.48,332.96,7.5,0.779,48.66,85.11,1844.46,Spring,Southern Hemisphere,Urban,Satellite Station,Severe Depletion
-55.51,0.631,16.04,225.47,476.55,325.38,2.97,0.203,35.56,9.05,1922.04,Winter,Northern Hemisphere,Urban,Satellite Station,Low Depletion
-57.07,1.292,30.99,257.2,551.32,330.55,7.47,0.744,66.98,85.05,1821.22,Winter,Southern Hemisphere,Polar,Satellite Station,Severe Depletion
-53.87,0.563,15.68,200.73,479.59,328.2,6.73,0.153,44.92,39.31,1933.98,Autumn,Southern Hemisphere,Industrial,Satellite Station,Low Depletion
-54.1,0.504,17.88,198.91,493.07,324.21,8.43,0.521,13.13,75.83,1864.35,Winter,Southern Hemisphere,Polar,Ground Based Station,Moderate Depletion
-49.74,0.452,6.21,230.21,499.52,313.96,3.53,0.04,37.78,15.22,1972.65,Autumn,Northern Hemisphere,Polar,Ground Based Station,Low Depletion
-50.88,0.339,16.82,213.07,454.53,323.79,4.5,0.276,30.45,53.2,1888.37,Autumn,Southern Hemisphere,Polar,Weather Balloon Station,Low Depletion
-57.49,0.374,19.35,201.89,458.08,329.71,4.33,0.175,24.1,41.61,1884.52,Spring,Southern Hemisphere,Urban,Ground Based Station,Low Depletion
-60.23,1.2,27.24,264.18,539.48,322.74,8.4,0.614,48.37,77.75,1812.05,Spring,Northern Hemisphere,Polar,Weather Balloon Station,Severe Depletion
-53.79,0.325,15.29,226.4,507.02,326.88,6.9,0.081,12.85,31.26,1834.05,Spring,Northern Hemisphere,Urban,Satellite Station,Low Depletion
-65.49,1.018,31.43,276.75,568.71,321.04,10.75,0.766,52.3,64.06,1761.83,Winter,Southern Hemisphere,Industrial,Satellite Station,Severe Depletion
-57.67,1.327,27.89,267.53,544.23,327.85,7.62,0.594,69.77,90.0,1790.86,Spring,Southern Hemisphere,Polar,Weather Balloon Station,Severe Depletion
-59.41,0.591,23.15,224.87,509.6,335.01,4.89,0.209,31.88,39.96,1821.39,Summer,Southern Hemisphere,Industrial,Ground Based Station,Moderate Depletion
-49.42,0.171,13.65,222.03,485.36,333.03,3.77,0.227,35.65,56.24,1853.28,Summer,Southern Hemisphere,Rural,Weather Balloon Station,Low Depletion
-55.55,0.629,19.31,217.03,521.41,328.08,5.15,0.25,45.74,47.1,1848.8,Autumn,Southern Hemisphere,Urban,Satellite Station,Moderate Depletion
-57.67,0.758,20.02,229.92,505.83,324.67,5.51,0.445,42.21,88.15,1853.77,Autumn,Northern Hemisphere,Rural,Ground Based Station,Moderate Depletion
-56.71,0.669,22.58,234.8,517.81,317.37,4.72,0.369,48.27,75.63,1853.7,Spring,Northern Hemisphere,Rural,Ground Based Station,Moderate Depletion
-51.72,0.357,15.97,215.02,480.41,313.59,4.04,0.163,15.4,18.47,1870.66,Autumn,Northern Hemisphere,Rural,Satellite Station,Low Depletion
-51.33,0.374,15.65,234.31,503.33,327.33,7.73,0.309,34.35,26.38,1859.75,Summer,Northern Hemisphere,Polar,Satellite Station,Low Depletion
-50.25,0.344,21.91,221.55,464.92,331.82,3.89,0.344,42.52,33.38,1968.32,Summer,Northern Hemisphere,Industrial,Ground Based Station,Low Depletion
-56.32,0.382,14.91,215.09,477.0,321.29,4.56,0.157,18.41,23.18,1909.12,Summer,NaN,Industrial,Ground Based Station,Low Depletion
-59.08,0.638,17.19,249.99,510.06,333.36,8.04,0.078,28.11,56.24,1872.47,Spring,Southern Hemisphere,Polar,Ground Based Station,Moderate Depletion
-54.07,0.33,14.16,210.2,476.83,323.2,7.19,0.21,33.81,40.9,1835.37,Autumn,Northern Hemisphere,Urban,Satellite Station,Low Depletion
-56.37,0.249,17.64,198.7,456.01,322.45,5.89,0.097,19.99,74.38,1846.26,Autumn,Southern Hemisphere,Rural,Ground Based Station,Low Depletion
-53.3,0.434,15.94,216.01,457.4,313.61,4.32,0.074,41.91,59.24,1947.23,Autumn,Southern Hemisphere,Urban,Ground Based Station,Low Depletion
-47.8,0.577,17.29,212.32,532.38,333.34,6.21,0.262,40.97,49.8,1803.95,Autumn,Southern Hemisphere,Urban,Satellite Station,Moderate Depletion
-56.83,0.554,15.77,227.83,506.05,324.94,7.92,0.299,32.31,-6.21,1881.55,Winter,Southern Hemisphere,Urban,Weather Balloon Station,Moderate Depletion
-44.81,0.346,15.77,190.07,NaN,329.92,5.72,0.183,41.67,-4.97,1888.01,Summer,Northern Hemisphere,Rural,Satellite Station,Low Depletion
-60.02,0.383,22.94,231.41,499.34,318.07,6.34,0.341,32.39,39.56,1834.88,Spring,Southern Hemisphere,Rural,Weather Balloon Station,Moderate Depletion
-65.02,1.243,31.69,277.43,566.76,323.38,7.12,0.764,48.13,65.89,1772.56,Winter,Southern Hemisphere,Polar,Satellite Station,Severe Depletion
-56.03,0.376,15.48,217.95,507.57,322.33,5.71,0.157,43.05,48.46,1895.9,Autumn,Northern Hemisphere,Rural,Ground Based Station,Low Depletion
-55.23,0.451,16.73,212.32,498.21,320.98,5.86,0.334,45.29,58.68,1842.0,Autumn,Southern Hemisphere,Rural,Ground Based Station,Moderate Depletion
-62.96,1.408,21.5,264.36,551.41,330.12,6.72,0.801,54.76,90.0,1818.84,Spring,Southern Hemisphere,Polar,Satellite Station,Severe Depletion
-52.63,0.651,17.93,220.67,541.99,323.85,6.08,0.406,54.65,52.71,1827.64,Spring,Southern Hemisphere,Polar,Satellite Station,Moderate Depletion
-55.68,0.437,17.49,232.43,500.33,332.39,5.5,0.163,56.48,50.45,1919.51,Summer,Southern Hemisphere,Industrial,Weather Balloon Station,Moderate Depletion
-56.98,0.553,24.45,236.36,512.02,321.38,7.81,0.315,53.43,43.79,1852.8,Winter,Southern Hemisphere,Polar,Ground Based Station,Moderate Depletion
-53.49,0.608,7.19,218.43,489.01,310.83,5.15,0.147,25.65,30.08,1888.45,Autumn,Southern Hemisphere,Industrial,Ground Based Station,Low Depletion
-58.67,0.204,13.03,198.01,505.09,320.45,4.16,0.3,27.6,53.91,1897.94,Spring,Northern Hemisphere,Rural,Satellite Station,Low Depletion
-49.21,0.792,15.97,223.29,458.98,330.61,5.05,0.255,28.79,27.17,1918.98,Summer,Northern Hemisphere,Urban,Ground Based Station,Low Depletion
-55.81,0.688,27.61,245.7,493.15,320.36,5.77,0.299,37.35,37.08,1890.51,Spring,Southern Hemisphere,Industrial,Ground Based Station,Moderate Depletion
-48.44,0.71,19.57,220.85,551.36,331.82,7.84,0.379,24.88,52.93,1852.26,Summer,Southern Hemisphere,Polar,Ground Based Station,Moderate Depletion
-63.45,1.062,21.51,264.71,564.04,335.23,9.75,0.666,57.0,43.56,1737.76,Spring,Southern Hemisphere,NaN,Satellite Station,Severe Depletion
-59.04,0.263,22.44,236.9,475.14,333.97,5.51,0.28,33.49,60.0,1879.7,Winter,Southern Hemisphere,Urban,Satellite Station,Moderate Depletion
-55.32,0.473,16.03,232.29,453.34,320.88,5.77,0.414,40.64,71.39,1905.38,Winter,Northern Hemisphere,Urban,Weather Balloon Station,Moderate Depletion
-46.48,0.373,18.59,219.72,476.27,317.83,3.42,0.158,38.97,43.67,1961.85,Winter,Northern Hemisphere,Urban,Satellite Station,Low Depletion
-50.3,0.143,18.82,234.69,497.74,332.74,6.37,0.1,43.69,24.93,1886.99,Autumn,Northern Hemisphere,Rural,Ground Based Station,Low Depletion
-51.51,0.541,17.6,249.76,505.89,330.63,7.46,0.329,56.42,86.03,1803.09,Autumn,Northern Hemisphere,Industrial,Satellite Station,Moderate Depletion
-53.35,NaN,10.97,207.25,470.04,323.5,5.16,0.189,28.13,33.66,1836.02,Autumn,Southern Hemisphere,Polar,Ground Based Station,Low Depletion
-46.09,0.152,13.4,214.17,477.16,331.55,4.2,0.209,38.29,12.38,1917.46,Autumn,Southern Hemisphere,Urban,Weather Balloon Station,Low Depletion
-55.43,1.046,28.57,258.89,546.07,328.17,8.07,0.73,49.12,79.48,1777.01,Summer,Southern Hemisphere,Polar,Weather Balloon Station,Severe Depletion
-45.09,0.649,13.92,204.86,481.66,317.68,4.13,0.341,15.91,8.25,1860.02,Autumn,Southern Hemisphere,Urban,Ground Based Station,Low Depletion
-45.31,0.483,12.36,204.97,471.75,331.34,4.7,0.262,21.64,48.72,1765.82,Spring,Southern Hemisphere,Polar,Satellite Station,Low Depletion
-46.5,0.443,12.84,226.25,477.93,323.35,4.19,0.074,42.69,21.7,1894.45,Winter,Northern Hemisphere,Urban,Satellite Station,Low Depletion
-61.81,0.818,22.3,275.07,563.13,336.94,10.8,0.626,53.72,46.79,1791.39,Autumn,Southern Hemisphere,Industrial,Satellite Station,Severe Depletion
-44.61,0.392,13.5,221.44,470.52,333.03,3.82,0.198,34.29,13.11,1918.25,Summer,Southern Hemisphere,Urban,Weather Balloon Station,Low Depletion
-60.94,0.765,23.89,235.33,543.5,326.45,5.08,0.333,36.38,36.53,1826.73,Winter,Northern Hemisphere,Polar,Satellite Station,Moderate Depletion
-57.59,1.17,25.75,256.46,532.44,332.63,8.55,0.689,56.42,64.74,1790.48,Spring,Southern Hemisphere,Polar,Satellite Station,Severe Depletion
-66.34,1.088,25.05,261.08,560.83,325.89,8.51,0.802,62.56,90.0,1729.76,Autumn,Southern Hemisphere,Rural,Satellite Station,Severe Depletion
-60.24,1.233,33.92,279.21,549.76,329.51,9.91,0.715,42.34,89.98,1765.6,Spring,Southern Hemisphere,Polar,Satellite Station,Severe Depletion
-51.7,0.484,12.56,223.06,460.37,324.78,3.57,0.031,31.98,28.6,1805.49,Winter,Northern Hemisphere,Urban,Satellite Station,Low Depletion
-51.99,0.413,14.27,217.3,488.56,322.32,5.29,0.148,30.78,-5.03,1854.38,Autumn,Northern Hemisphere,Rural,Satellite Station,Low Depletion
-60.19,1.08,25.41,259.58,545.48,337.46,7.51,0.905,55.96,87.11,1789.01,Winter,Southern Hemisphere,Polar,Satellite Station,Severe Depletion
-56.63,0.427,12.12,190.01,512.72,319.59,4.13,0.066,46.67,27.15,1882.81,Winter,Southern Hemisphere,Urban,Satellite Station,Low Depletion
-56.87,1.06,32.5,249.83,561.15,315.39,6.79,0.712,56.13,72.33,1776.61,Spring,Northern Hemisphere,Urban,Satellite Station,Severe Depletion
-50.53,0.43,14.9,211.39,450.98,314.58,5.12,NaN,50.08,4.71,1895.34,Summer,Northern Hemisphere,Rural,Weather Balloon Station,Low Depletion
-65.41,1.01,25.12,283.11,542.9,338.69,9.54,0.637,53.2,63.27,1763.59,Autumn,Northern Hemisphere,Polar,Satellite Station,Severe Depletion
-63.65,1.153,29.49,230.74,544.88,330.78,10.29,0.544,34.57,44.85,1771.42,Spring,Southern Hemisphere,Industrial,Satellite Station,Severe Depletion
-55.21,0.168,11.16,196.24,486.16,321.67,4.05,0.256,41.77,5.2,1871.23,Summer,Northern Hemisphere,Urban,Satellite Station,Low Depletion
-65.39,0.86,24.88,269.66,552.51,330.38,9.21,0.763,50.52,51.61,1767.25,Autumn,Southern Hemisphere,Polar,Satellite Station,Severe Depletion
-58.19,0.568,20.38,236.89,537.2,327.25,7.1,0.49,38.82,25.44,1856.28,Autumn,Southern Hemisphere,Polar,Weather Balloon Station,Moderate Depletion
-47.8,0.321,19.97,202.52,496.34,320.94,5.62,0.151,43.77,12.54,1913.82,Summer,Northern Hemisphere,Industrial,Ground Based Station,Low Depletion
-54.91,0.865,26.55,278.27,581.9,324.62,4.18,0.745,68.89,78.56,1780.39,Autumn,Southern Hemisphere,Urban,Weather Balloon Station,Severe Depletion
-48.2,0.05,12.11,207.15,473.41,323.19,4.26,0.0,30.31,47.35,1879.48,Summer,Northern Hemisphere,Urban,Ground Based Station,Low Depletion
-59.59,0.682,21.22,221.85,496.33,321.33,3.98,0.389,38.64,47.46,1880.98,Autumn,Northern Hemisphere,Industrial,Ground Based Station,Moderate Depletion
-48.35,0.05,16.92,202.93,481.51,322.35,6.38,0.115,15.28,40.48,1891.91,Summer,Northern Hemisphere,Polar,Weather Balloon Station,Low Depletion
-63.29,1.142,25.61,247.92,540.3,332.4,6.55,0.643,69.08,87.08,1730.04,Spring,Southern Hemisphere,Rural,Ground Based Station,Severe Depletion
-57.11,0.451,12.22,212.11,485.29,323.84,4.07,0.105,27.24,15.88,1892.66,Autumn,Northern Hemisphere,Urban,Weather Balloon Station,Low Depletion
-55.32,0.589,22.84,222.62,503.08,330.43,4.24,0.564,39.56,81.98,1869.66,Summer,Southern Hemisphere,Industrial,Ground Based Station,Moderate Depletion
-49.29,0.205,21.5,216.89,468.27,335.35,5.92,0.16,29.98,81.98,1894.15,Summer,Southern Hemisphere,Rural,Ground Based Station,Low Depletion
-49.74,0.161,15.47,212.04,476.99,322.08,4.66,0.222,20.01,37.33,1913.53,Autumn,Southern Hemisphere,Rural,Satellite Station,Low Depletion
-59.96,1.054,24.65,267.34,549.57,335.13,8.89,0.651,49.65,53.08,1795.02,Winter,Southern Hemisphere,Polar,Ground Based Station,Severe Depletion
-58.1,0.407,15.26,221.45,465.2,319.39,2.59,0.262,28.01,-11.86,1849.2,Autumn,Northern Hemisphere,Industrial,Satellite Station,Low Depletion
-51.55,0.456,10.88,209.56,473.59,308.73,3.84,0.071,33.62,26.58,1862.42,Summer,NaN,Urban,Weather Balloon Station,Low Depletion
-54.49,0.323,12.65,222.75,493.95,309.69,4.45,0.071,15.75,52.57,1898.16,Spring,Northern Hemisphere,Rural,Satellite Station,Low Depletion
-46.78,0.686,19.76,239.2,529.28,321.11,5.91,0.383,28.22,49.2,1712.16,Summer,Northern Hemisphere,Rural,Ground Based Station,Moderate Depletion
-51.92,0.53,16.01,220.06,482.27,312.41,5.99,0.043,35.7,40.76,1851.39,Summer,Northern Hemisphere,Urban,Ground Based Station,Low Depletion
-54.32,0.702,21.0,234.28,NaN,322.4,6.12,0.078,28.67,65.27,1857.65,Autumn,Northern Hemisphere,Polar,Ground Based Station,Moderate Depletion
-45.44,0.444,15.97,199.76,480.59,327.92,6.38,0.247,15.81,53.68,1877.73,Winter,Northern Hemisphere,Rural,Ground Based Station,Low Depletion
-58.14,0.53,14.32,225.65,542.38,322.43,7.8,0.2,39.98,52.43,1819.2,Spring,Southern Hemisphere,Rural,Ground Based Station,Moderate Depletion
-61.25,0.429,19.33,210.76,545.33,331.78,1.87,0.358,44.36,72.44,1949.1,Summer,Northern Hemisphere,Industrial,Satellite Station,Moderate Depletion
-43.43,0.154,18.46,224.4,448.01,321.35,4.84,0.055,38.81,36.3,1911.9,Summer,Southern Hemisphere,Polar,Satellite Station,Low Depletion
-62.22,0.278,14.15,214.43,474.5,320.41,3.81,0.112,33.31,52.76,1864.07,Spring,Southern Hemisphere,Urban,Satellite Station,Low Depletion
-53.18,0.478,16.09,240.86,463.88,333.9,4.4,0.033,43.05,64.09,1847.4,Winter,Southern Hemisphere,Urban,Ground Based Station,Low Depletion
-50.25,0.424,11.92,238.38,445.96,322.14,5.82,0.408,43.97,21.97,1855.79,Autumn,Northern Hemisphere,Rural,Satellite Station,Low Depletion
-48.32,0.486,17.76,245.2,515.87,320.9,5.91,0.36,52.34,33.61,1831.97,Spring,Northern Hemisphere,Industrial,Weather Balloon Station,Moderate Depletion
-57.72,0.52,15.81,230.49,509.06,319.45,5.79,0.263,44.93,20.43,1893.99,Winter,Northern Hemisphere,Urban,Satellite Station,Low Depletion
-61.7,0.211,8.43,204.24,467.51,321.84,5.97,0.243,35.71,35.75,1827.6,Summer,Northern Hemisphere,Urban,Ground Based Station,Low Depletion
-56.75,0.704,23.16,247.65,531.98,327.77,5.88,0.165,48.44,57.87,1795.96,Spring,Southern Hemisphere,Urban,Ground Based Station,Moderate Depletion
-65.84,1.155,27.44,277.43,532.32,316.77,10.68,0.843,48.25,47.97,1819.82,Spring,Southern Hemisphere,Polar,Weather Balloon Station,Severe Depletion
-56.9,0.461,20.69,237.19,493.19,315.38,4.76,0.0,29.59,15.21,1892.5,Spring,Northern Hemisphere,Rural,Satellite Station,Low Depletion
-53.45,0.861,23.26,241.1,541.47,324.55,2.75,0.291,31.28,30.03,1874.43,Winter,Northern Hemisphere,Rural,Weather Balloon Station,Moderate Depletion
-48.06,0.345,21.66,203.38,507.02,315.63,4.11,0.122,44.2,15.02,1853.03,Summer,Northern Hemisphere,Industrial,Ground Based Station,Low Depletion
-50.09,0.412,20.1,237.81,493.65,323.68,7.16,0.311,40.19,50.98,1832.81,Spring,Southern Hemisphere,Industrial,Satellite Station,Moderate Depletion
-54.36,0.705,21.12,246.29,488.92,320.44,5.58,0.309,28.65,40.99,1841.87,Summer,Northern Hemisphere,Industrial,Satellite Station,Moderate Depletion
-55.82,0.379,13.98,221.28,521.69,325.29,3.48,0.277,29.24,19.14,1873.02,Summer,Northern Hemisphere,Polar,Satellite Station,Low Depletion
-48.83,0.691,25.2,244.17,510.26,325.75,5.82,0.321,42.42,31.07,1860.76,Summer,Northern Hemisphere,Rural,Satellite Station,Moderate Depletion
-59.4,1.171,28.36,251.19,569.62,333.01,9.1,0.841,57.89,85.09,1728.29,Summer,Southern Hemisphere,Rural,Satellite Station,Severe Depletion
-54.06,0.341,23.08,195.8,478.85,321.57,3.71,0.082,18.46,45.06,1895.5,Autumn,Northern Hemisphere,Rural,Satellite Station,Low Depletion
-60.79,0.929,28.26,267.66,589.08,324.77,9.93,0.651,65.81,55.38,1801.54,Winter,Northern Hemisphere,Polar,Satellite Station,Severe Depletion
-45.49,0.453,17.81,214.06,496.76,325.16,3.6,0.054,17.87,51.8,1880.15,Winter,Northern Hemisphere,Industrial,Satellite Station,Low Depletion
-57.12,0.396,17.99,219.55,491.75,315.07,NaN,0.0,44.15,23.65,1830.32,Autumn,Southern Hemisphere,Urban,Ground Based Station,Low Depletion
-55.1,0.529,17.33,252.55,524.19,326.45,5.98,0.308,36.16,45.55,1811.42,Autumn,Southern Hemisphere,Urban,Ground Based Station,Moderate Depletion
-58.47,0.27,14.63,226.49,474.38,326.06,2.79,0.086,28.56,-29.65,1870.44,Winter,Southern Hemisphere,Rural,Ground Based Station,Low Depletion
-63.72,0.659,26.79,251.77,553.38,330.0,8.44,0.764,67.79,89.03,1787.72,Winter,Southern Hemisphere,Polar,Satellite Station,Severe Depletion
-51.24,0.948,21.74,274.53,574.47,326.33,8.36,0.999,52.36,85.02,1802.54,Spring,Southern Hemisphere,Industrial,Satellite Station,Severe Depletion
-52.23,0.506,15.12,249.32,495.52,326.62,5.31,0.356,22.26,24.65,1888.33,Winter,Northern Hemisphere,Rural,Satellite Station,Moderate Depletion
-53.72,0.396,17.15,205.88,498.17,331.75,7.49,0.309,41.47,49.64,1820.36,Autumn,Southern Hemisphere,Urban,Satellite Station,Moderate Depletion
-52.56,0.527,16.38,228.72,561.76,330.45,6.58,0.406,50.78,42.19,1825.03,Winter,Southern Hemisphere,Rural,Ground Based Station,Moderate Depletion
-56.57,0.311,13.93,217.49,478.61,324.26,4.75,0.149,30.14,2.85,1887.57,Autumn,Southern Hemisphere,Urban,Weather Balloon Station,Low Depletion
-56.09,1.413,26.89,262.23,581.56,333.49,10.52,0.669,32.47,89.25,1757.1,Autumn,Southern Hemisphere,Polar,Weather Balloon Station,Severe Depletion
-56.04,0.532,13.15,248.67,511.69,327.59,6.36,0.344,36.69,65.4,1727.12,Winter,Northern Hemisphere,Rural,Satellite Station,Moderate Depletion
-56.31,1.307,25.16,267.68,542.34,329.23,11.85,0.84,50.49,64.17,1766.45,Winter,Southern Hemisphere,Industrial,Satellite Station,Severe Depletion
-53.23,0.61,13.39,198.02,469.63,326.03,2.27,0.184,21.2,39.37,1872.02,Autumn,Southern Hemisphere,Rural,Ground Based Station,Low Depletion
-57.19,0.453,19.77,223.16,469.18,328.41,5.75,0.019,30.8,23.34,1892.1,Summer,Southern Hemisphere,Rural,Ground Based Station,Low Depletion
-50.7,0.578,16.65,222.52,481.66,320.93,4.34,0.206,36.77,39.7,1862.98,Summer,Northern Hemisphere,Urban,Ground Based Station,Low Depletion
-47.25,0.229,14.44,212.64,499.36,324.93,2.85,0.19,23.52,69.25,1839.57,Summer,Southern Hemisphere,Industrial,Ground Based Station,Low Depletion
-54.56,0.353,6.28,216.03,490.36,318.36,3.75,0.1,39.95,25.86,1826.05,Winter,Northern Hemisphere,Rural,Ground Based Station,Low Depletion
-53.66,0.769,16.34,254.84,509.27,321.81,5.33,0.381,29.53,52.33,1813.21,Autumn,Northern Hemisphere,Rural,Satellite Station,Moderate Depletion
-49.72,0.289,15.55,232.44,483.6,318.46,3.68,0.312,21.62,4.89,1881.54,Autumn,Northern Hemisphere,Urban,Weather Balloon Station,Low Depletion
-52.76,0.268,11.51,228.75,470.39,329.25,3.62,0.054,48.48,21.07,1840.94,Spring,Southern Hemisphere,Urban,Satellite Station,Low Depletion
-59.01,0.653,16.14,210.22,496.85,NaN,5.54,0.229,37.81,73.88,1792.5,Spring,Northern Hemisphere,Industrial,Ground Based Station,Moderate Depletion
-51.86,0.215,16.32,216.97,468.0,326.22,4.66,0.152,33.83,8.35,1883.58,Summer,Northern Hemisphere,Urban,Ground Based Station,Low Depletion
-62.57,1.05,25.73,263.44,534.64,314.87,8.57,0.587,55.14,82.4,1773.66,Spring,Southern Hemisphere,Polar,Satellite Station,Severe Depletion
-62.46,1.087,32.92,275.08,526.78,324.58,8.55,0.616,54.7,89.35,1761.63,Autumn,Southern Hemisphere,Polar,Satellite Station,Severe Depletion
-51.25,0.885,19.55,218.34,520.14,327.77,5.16,0.217,29.84,68.68,1822.29,Spring,Southern Hemisphere,Polar,Satellite Station,Moderate Depletion
-52.11,0.509,18.09,220.67,549.2,330.16,6.03,0.268,43.84,72.13,1845.6,Winter,Southern Hemisphere,Polar,Weather Balloon Station,Moderate Depletion
-54.22,0.616,17.5,220.92,530.98,320.18,3.89,0.119,22.46,31.87,1902.71,Autumn,Northern Hemisphere,Polar,Weather Balloon Station,Low Depletion
-49.66,0.229,13.42,188.65,464.56,318.58,3.03,0.267,33.39,32.19,1841.49,Autumn,Southern Hemisphere,Rural,Ground Based Station,Low Depletion
-63.5,1.224,22.88,256.14,569.58,338.26,9.66,0.592,57.22,39.56,1852.77,Spring,Southern Hemisphere,Polar,Satellite Station,Severe Depletion
-54.9,0.871,17.51,244.77,NaN,319.41,3.82,0.462,20.99,55.47,1859.69,Spring,Southern Hemisphere,Polar,Ground Based Station,Moderate Depletion
-50.01,0.64,24.35,241.7,520.09,316.15,6.98,0.324,50.02,30.7,1889.48,Winter,Southern Hemisphere,Urban,Satellite Station,Moderate Depletion
-53.96,0.165,13.18,192.87,462.95,327.03,3.93,0.279,39.81,11.02,1855.73,Winter,Southern Hemisphere,Rural,Satellite Station,Low Depletion